event_id,session_id,cow_id,layer,label,code,en,type,evidence,protocol,t_start_rel_ms,t_end_rel_ms,duration_ms,device_key,device_mac,video_name,adjudication,sensor_eligible
EVT-00001,2026-07-27 16_30_52,20201-3,posture_transition,起立过程,STANDING_UP,standing up,interval,两者,v3,2227336.0,2232387.0,5051.0,546C50CA01F1-20201-3,546C50CA01F1,hiv00005.mp4,single_annotator,True
EVT-00002,2026-07-27 17_36_54,20201-3,posture_transition,卧倒过程,LYING_DOWN,lying down,interval,两者,v3,311215.0,313415.0,2200.0,546C50CA01F1-20201-3,546C50CA01F1,hiv00011.mp4,single_annotator,False
EVT-00003,2026-07-27 17_36_54,20201-3,posture_transition,起立过程,STANDING_UP,standing up,interval,两者,v3,1051222.0,1059882.0,8660.0,546C50CA01F1-20201-3,546C50CA01F1,hiv00011.mp4,single_annotator,False
EVT-00004,2026-07-27 17_36_54,20201-3,posture_transition,卧倒过程,LYING_DOWN,lying down,interval,两者,v3,1564893.0,1574173.0,9280.0,546C50CA01F1-20201-3,546C50CA01F1,hiv00011.mp4,single_annotator,False
EVT-00005,2026-07-27 17_36_54,20201-3,posture_transition,起立过程,STANDING_UP,standing up,interval,两者,v3,3133320.0,3139941.0,6621.0,546C50CA01F1-20201-3,546C50CA01F1,hiv00011.mp4,single_annotator,False
EVT-00006,2026-07-27 17_36_54,20201-3,objective_event,排尿,URINATION,urination,interval,两者,v3,3162640.0,3183542.0,20902.0,546C50CA01F1-20201-3,546C50CA01F1,hiv00011.mp4,single_annotator,False
EVT-00007,2026-07-27 17_36_54,20201-3,objective_event,排尿,URINATION,urination,interval,两者,v3,3312646.0,3334586.0,21940.0,546C50CA01F1-20201-3,546C50CA01F1,hiv00011.mp4,single_annotator,False
EVT-00008,2026-07-27 18_42_44,20201-3,objective_event,排尿,URINATION,urination,interval,两者,v3,3150373.0,3174849.0,24476.0,546C50CA01F1-20201-3,546C50CA01F1,hiv00019.mp4,single_annotator,True
EVT-00009,2026-07-28 00_15_03,20201-3,posture_transition,起立过程,STANDING_UP,standing up,interval,两者,v3,1178622.0,1189743.0,11121.0,546C50CA01F1-20201-3,546C50CA01F1,hiv00061.mp4,single_annotator,True
EVT-00010,2026-07-28 02_26_42,20201-3,body_state,站立,STANDING,standing,interval,两者,v3,1045513.0,1074890.0,29377.0,546C50CA01F1-20201-3,546C50CA01F1,hiv00078.mp4,single_annotator,True
EVT-00011,2026-07-28 02_26_42,20201-3,body_state,行走,WALKING,walking,interval,两者,v3,1075929.0,1081561.0,5632.0,546C50CA01F1-20201-3,546C50CA01F1,hiv00078.mp4,single_annotator,True
EVT-00012,2026-07-28 02_26_42,20201-3,body_state,行走,WALKING,walking,interval,两者,v3,1107621.0,1116981.0,9360.0,546C50CA01F1-20201-3,546C50CA01F1,hiv00078.mp4,single_annotator,True
EVT-00013,2026-07-28 02_26_42,20201-3,body_state,行走,WALKING,walking,interval,两者,v3,1122405.0,1128461.0,6056.0,546C50CA01F1-20201-3,546C50CA01F1,hiv00078.mp4,single_annotator,True
EVT-00014,2026-07-28 02_26_42,20201-3,body_state,站立,STANDING,standing,interval,两者,v3,1187160.0,1227329.0,40169.0,546C50CA01F1-20201-3,546C50CA01F1,hiv00078.mp4,single_annotator,True
EVT-00015,2026-07-28 02_26_42,20201-3,body_state,行走,WALKING,walking,interval,两者,v3,1228984.0,1233567.0,4583.0,546C50CA01F1-20201-3,546C50CA01F1,hiv00078.mp4,single_annotator,True
EVT-00016,2026-07-28 02_26_42,20201-3,body_state,站立,STANDING,standing,interval,两者,v3,1251288.0,2003820.0,752532.0,546C50CA01F1-20201-3,546C50CA01F1,hiv00078.mp4,single_annotator,True
EVT-00017,2026-07-28 02_26_42,20201-3,body_state,站立,STANDING,standing,interval,两者,v3,2586987.0,2963764.0,376777.0,546C50CA01F1-20201-3,546C50CA01F1,hiv00078.mp4,single_annotator,True
EVT-00018,2026-07-28 02_26_42,20201-3,body_state,站立,STANDING,standing,interval,两者,v3,2981603.0,3067362.0,85759.0,546C50CA01F1-20201-3,546C50CA01F1,hiv00078.mp4,single_annotator,True
EVT-00019,2026-07-28 02_26_42,20201-3,body_state,行走,WALKING,walking,interval,两者,v3,3082793.0,3090418.0,7625.0,546C50CA01F1-20201-3,546C50CA01F1,hiv00078.mp4,single_annotator,True
EVT-00020,2026-07-28 02_26_42,20201-3,body_state,站立,STANDING,standing,interval,两者,v3,3110300.0,3318432.0,208132.0,546C50CA01F1-20201-3,546C50CA01F1,hiv00078.mp4,single_annotator,True
EVT-00021,2026-07-28 02_26_42,20201-3,body_state,行走,WALKING,walking,interval,两者,v3,3319884.0,3324264.0,4380.0,546C50CA01F1-20201-3,546C50CA01F1,hiv00078.mp4,single_annotator,True
EVT-00022,2026-07-28 02_26_42,20201-3,body_state,站立,STANDING,standing,interval,两者,v3,3536402.0,3599851.0,63449.0,546C50CA01F1-20201-3,546C50CA01F1,hiv00078.mp4,single_annotator,True
EVT-00023,2026-07-28 03_32_35,20201-3,objective_event,排尿,URINATION,urination,interval,两者,v3,36778.0,60747.0,23969.0,546C50CA01F1-20201-3,546C50CA01F1,hiv00087.mp4,single_annotator,True
EVT-00024,2026-07-28 03_32_35,20201-3,body_state,站立,STANDING,standing,interval,两者,v3,78571.0,164952.0,86381.0,546C50CA01F1-20201-3,546C50CA01F1,hiv00087.mp4,single_annotator,True
EVT-00025,2026-07-28 03_32_35,20201-3,body_state,行走,WALKING,walking,interval,两者,v3,166613.0,170152.0,3539.0,546C50CA01F1-20201-3,546C50CA01F1,hiv00087.mp4,single_annotator,True
EVT-00026,2026-07-28 03_32_35,20201-3,body_state,行走,WALKING,walking,interval,两者,v3,232024.0,236604.0,4580.0,546C50CA01F1-20201-3,546C50CA01F1,hiv00087.mp4,single_annotator,True
EVT-00027,2026-07-28 03_32_35,20201-3,body_state,站立,STANDING,standing,interval,两者,v3,248818.0,917907.0,669089.0,546C50CA01F1-20201-3,546C50CA01F1,hiv00087.mp4,single_annotator,True
EVT-00028,2026-07-28 03_32_35,20201-3,body_state,站立,STANDING,standing,interval,两者,v3,957737.0,1100669.0,142932.0,546C50CA01F1-20201-3,546C50CA01F1,hiv00087.mp4,single_annotator,True
EVT-00029,2026-07-28 03_32_35,20201-3,body_state,站立,STANDING,standing,interval,两者,v3,1136459.0,1473450.0,336991.0,546C50CA01F1-20201-3,546C50CA01F1,hiv00087.mp4,single_annotator,True
EVT-00030,2026-07-28 03_32_35,20201-3,body_state,站立,STANDING,standing,interval,两者,v3,1508300.0,1724263.0,215963.0,546C50CA01F1-20201-3,546C50CA01F1,hiv00087.mp4,single_annotator,True
EVT-00031,2026-07-28 03_32_35,20201-3,body_state,行走,WALKING,walking,interval,两者,v3,1724263.0,1737178.0,12915.0,546C50CA01F1-20201-3,546C50CA01F1,hiv00087.mp4,single_annotator,True
EVT-00032,2026-07-28 03_32_35,20201-3,body_state,站立,STANDING,standing,interval,两者,v3,1762154.0,1871749.0,109595.0,546C50CA01F1-20201-3,546C50CA01F1,hiv00087.mp4,single_annotator,True
EVT-00033,2026-07-28 03_32_35,20201-3,body_state,站立,STANDING,standing,interval,两者,v3,1893366.0,2237931.0,344565.0,546C50CA01F1-20201-3,546C50CA01F1,hiv00087.mp4,single_annotator,True
EVT-00034,2026-07-28 03_32_35,20201-3,body_state,行走,WALKING,walking,interval,两者,v3,2241489.0,2254189.0,12700.0,546C50CA01F1-20201-3,546C50CA01F1,hiv00087.mp4,single_annotator,True
EVT-00035,2026-07-28 03_32_35,20201-3,posture_transition,卧倒过程,LYING_DOWN,lying down,interval,两者,v3,2290835.0,2306500.0,15665.0,546C50CA01F1-20201-3,546C50CA01F1,hiv00087.mp4,single_annotator,True
EVT-00036,2026-07-28 03_32_35,20201-3,body_state,躺卧,LYING,lying,interval,两者,v3,2319138.0,2830780.0,511642.0,546C50CA01F1-20201-3,546C50CA01F1,hiv00087.mp4,single_annotator,True
EVT-00037,2026-07-28 03_32_35,20201-3,body_state,躺卧,LYING,lying,interval,两者,v3,2837852.0,3599869.0,762017.0,546C50CA01F1-20201-3,546C50CA01F1,hiv00087.mp4,single_annotator,True
EVT-00038,2026-07-28 04_38_21,20201-3,body_state,躺卧,LYING,lying,interval,两者,v3,0.0,804605.0,804605.0,546C50CA01F1-20201-3,546C50CA01F1,hiv00095.mp4,single_annotator,True
EVT-00039,2026-07-28 04_38_21,20201-3,body_state,躺卧,LYING,lying,interval,两者,v3,812120.0,1764073.0,951953.0,546C50CA01F1-20201-3,546C50CA01F1,hiv00095.mp4,single_annotator,True
EVT-00040,2026-07-28 04_38_21,20201-3,body_state,躺卧,LYING,lying,interval,两者,v3,1769192.0,1900997.0,131805.0,546C50CA01F1-20201-3,546C50CA01F1,hiv00095.mp4,single_annotator,True
EVT-00041,2026-07-28 04_38_21,20201-3,posture_transition,起立过程,STANDING_UP,standing up,interval,两者,v3,1904336.0,1916217.0,11881.0,546C50CA01F1-20201-3,546C50CA01F1,hiv00095.mp4,single_annotator,True
EVT-00042,2026-07-28 04_38_21,20201-3,body_state,站立,STANDING,standing,interval,两者,v3,1926179.0,2001881.0,75702.0,546C50CA01F1-20201-3,546C50CA01F1,hiv00095.mp4,single_annotator,True
EVT-00043,2026-07-28 04_38_21,20201-3,objective_event,排尿,URINATION,urination,interval,两者,v3,2007737.0,2062126.0,54389.0,546C50CA01F1-20201-3,546C50CA01F1,hiv00095.mp4,single_annotator,True
EVT-00044,2026-07-28 04_38_21,20201-3,body_state,站立,STANDING,standing,interval,两者,v3,2066542.0,2120652.0,54110.0,546C50CA01F1-20201-3,546C50CA01F1,hiv00095.mp4,single_annotator,True
EVT-00045,2026-07-28 04_38_21,20201-3,objective_event,排便,DEFECATION,defecation,interval,两者,v3,2127191.0,2159281.0,32090.0,546C50CA01F1-20201-3,546C50CA01F1,hiv00095.mp4,single_annotator,True
EVT-00046,2026-07-28 04_38_21,20201-3,body_state,行走,WALKING,walking,interval,两者,v3,2193473.0,2202017.0,8544.0,546C50CA01F1-20201-3,546C50CA01F1,hiv00095.mp4,single_annotator,True
EVT-00047,2026-07-28 04_38_21,20201-3,body_state,行走,WALKING,walking,interval,两者,v3,2231970.0,2236957.0,4987.0,546C50CA01F1-20201-3,546C50CA01F1,hiv00095.mp4,single_annotator,True
EVT-00048,2026-07-28 04_38_21,20201-3,tail_action,抬尾,TAIL_RAISED,tail raised,interval,两者,v3,2277386.0,2304269.0,26883.0,546C50CA01F1-20201-3,546C50CA01F1,hiv00095.mp4,single_annotator,True
EVT-00049,2026-07-28 04_38_21,20201-3,body_state,站立,STANDING,standing,interval,两者,v3,2314401.0,2409393.0,94992.0,546C50CA01F1-20201-3,546C50CA01F1,hiv00095.mp4,single_annotator,True
EVT-00050,2026-07-28 04_38_21,20201-3,body_state,行走,WALKING,walking,interval,两者,v3,2414813.0,2421053.0,6240.0,546C50CA01F1-20201-3,546C50CA01F1,hiv00095.mp4,single_annotator,True
EVT-00051,2026-07-28 04_38_21,20201-3,body_state,行走,WALKING,walking,interval,两者,v3,2637064.0,2647697.0,10633.0,546C50CA01F1-20201-3,546C50CA01F1,hiv00095.mp4,single_annotator,True
EVT-00052,2026-07-28 04_38_21,20201-3,body_state,站立,STANDING,standing,interval,两者,v3,2827863.0,3007957.0,180094.0,546C50CA01F1-20201-3,546C50CA01F1,hiv00095.mp4,single_annotator,True
EVT-00053,2026-07-28 04_38_21,20201-3,body_state,站立,STANDING,standing,interval,两者,v3,3049045.0,3182594.0,133549.0,546C50CA01F1-20201-3,546C50CA01F1,hiv00095.mp4,single_annotator,True
EVT-00054,2026-07-28 04_38_21,20201-3,body_state,站立,STANDING,standing,interval,两者,v3,3234086.0,3343522.0,109436.0,546C50CA01F1-20201-3,546C50CA01F1,hiv00095.mp4,single_annotator,True
EVT-00055,2026-07-28 04_38_21,20201-3,body_state,站立,STANDING,standing,interval,两者,v3,3369167.0,3468840.0,99673.0,546C50CA01F1-20201-3,546C50CA01F1,hiv00095.mp4,single_annotator,True
EVT-00056,2026-07-28 04_38_21,20201-3,body_state,站立,STANDING,standing,interval,两者,v3,3491923.0,3599868.0,107945.0,546C50CA01F1-20201-3,546C50CA01F1,hiv00095.mp4,single_annotator,True
EVT-00057,2026-07-28 05_44_10,20201-3,body_state,站立,STANDING,standing,interval,两者,v3,0.0,165632.0,165632.0,546C50CA01F1-20201-3,546C50CA01F1,hiv00101.mp4,single_annotator,True
EVT-00058,2026-07-28 05_44_10,20201-3,body_state,站立,STANDING,standing,interval,两者,v3,196490.0,311126.0,114636.0,546C50CA01F1-20201-3,546C50CA01F1,hiv00101.mp4,single_annotator,True
EVT-00059,2026-07-28 05_44_10,20201-3,body_state,行走,WALKING,walking,interval,两者,v3,321546.0,328206.0,6660.0,546C50CA01F1-20201-3,546C50CA01F1,hiv00101.mp4,single_annotator,True
EVT-00060,2026-07-28 05_44_10,20201-3,body_state,行走,WALKING,walking,interval,两者,v3,430200.0,438540.0,8340.0,546C50CA01F1-20201-3,546C50CA01F1,hiv00101.mp4,single_annotator,True
EVT-00061,2026-07-28 05_44_10,20201-3,body_state,行走,WALKING,walking,interval,两者,v3,492993.0,505084.0,12091.0,546C50CA01F1-20201-3,546C50CA01F1,hiv00101.mp4,single_annotator,True
EVT-00062,2026-07-28 05_44_10,20201-3,body_state,行走,WALKING,walking,interval,两者,v3,633700.0,639741.0,6041.0,546C50CA01F1-20201-3,546C50CA01F1,hiv00101.mp4,single_annotator,True
EVT-00063,2026-07-28 05_44_10,20201-3,body_state,行走,WALKING,walking,interval,两者,v3,1261466.0,1271056.0,9590.0,546C50CA01F1-20201-3,546C50CA01F1,hiv00101.mp4,single_annotator,True
EVT-00064,2026-07-28 05_44_10,20201-3,body_state,站立,STANDING,standing,interval,两者,v3,1291546.0,1368803.0,77257.0,546C50CA01F1-20201-3,546C50CA01F1,hiv00101.mp4,single_annotator,True
EVT-00065,2026-07-28 05_44_10,20201-3,body_state,行走,WALKING,walking,interval,两者,v3,1372342.0,1380680.0,8338.0,546C50CA01F1-20201-3,546C50CA01F1,hiv00101.mp4,single_annotator,True
EVT-00066,2026-07-28 05_44_10,20201-3,body_state,采食,FEEDING,feeding,interval,两者,v3,1408391.0,1686156.0,277765.0,546C50CA01F1-20201-3,546C50CA01F1,hiv00101.mp4,single_annotator,True
EVT-00067,2026-07-28 05_44_10,20201-3,body_state,采食,FEEDING,feeding,interval,两者,v3,1729234.0,2042159.0,312925.0,546C50CA01F1-20201-3,546C50CA01F1,hiv00101.mp4,single_annotator,True
EVT-00068,2026-07-28 05_44_10,20201-3,body_state,行走,WALKING,walking,interval,两者,v3,2046310.0,2062983.0,16673.0,546C50CA01F1-20201-3,546C50CA01F1,hiv00101.mp4,single_annotator,True
EVT-00069,2026-07-28 05_44_10,20201-3,body_state,行走,WALKING,walking,interval,两者,v3,2088624.0,2106315.0,17691.0,546C50CA01F1-20201-3,546C50CA01F1,hiv00101.mp4,single_annotator,True
EVT-00070,2026-07-28 05_44_10,20201-3,body_state,站立,STANDING,standing,interval,两者,v3,2113868.0,2235599.0,121731.0,546C50CA01F1-20201-3,546C50CA01F1,hiv00101.mp4,single_annotator,True
EVT-00071,2026-07-28 05_44_10,20201-3,body_state,行走,WALKING,walking,interval,两者,v3,2336757.0,2354269.0,17512.0,546C50CA01F1-20201-3,546C50CA01F1,hiv00101.mp4,single_annotator,True
EVT-00072,2026-07-28 05_44_10,20201-3,body_state,行走,WALKING,walking,interval,两者,v3,2366548.0,2374069.0,7521.0,546C50CA01F1-20201-3,546C50CA01F1,hiv00101.mp4,single_annotator,True
EVT-00073,2026-07-28 05_44_10,20201-3,body_state,站立,STANDING,standing,interval,两者,v3,2425191.0,2582337.0,157146.0,546C50CA01F1-20201-3,546C50CA01F1,hiv00101.mp4,single_annotator,True
EVT-00074,2026-07-28 05_44_10,20201-3,body_state,站立,STANDING,standing,interval,两者,v3,2700803.0,3599860.0,899057.0,546C50CA01F1-20201-3,546C50CA01F1,hiv00101.mp4,single_annotator,True
EVT-00075,2026-07-28 06_50_04,20201-3,body_state,躺卧,LYING,lying,interval,两者,v3,0.0,760010.0,760010.0,546C50CA01F1-20201-3,546C50CA01F1,hiv00109.mp4,single_annotator,True
EVT-00076,2026-07-28 06_50_04,20201-3,body_state,躺卧,LYING,lying,interval,两者,v3,772768.0,1383199.0,610431.0,546C50CA01F1-20201-3,546C50CA01F1,hiv00109.mp4,single_annotator,True
EVT-00077,2026-07-28 06_50_04,20201-3,posture_transition,起立过程,STANDING_UP,standing up,interval,两者,v3,1389660.0,1406121.0,16461.0,546C50CA01F1-20201-3,546C50CA01F1,hiv00109.mp4,single_annotator,True
EVT-00078,2026-07-28 06_50_04,20201-3,body_state,站立,STANDING,standing,interval,两者,v3,1413337.0,1479987.0,66650.0,546C50CA01F1-20201-3,546C50CA01F1,hiv00109.mp4,single_annotator,True
EVT-00079,2026-07-28 06_50_04,20201-3,body_state,行走,WALKING,walking,interval,两者,v3,1560323.0,1570104.0,9781.0,546C50CA01F1-20201-3,546C50CA01F1,hiv00109.mp4,single_annotator,True
EVT-00080,2026-07-28 06_50_04,20201-3,body_state,站立,STANDING,standing,interval,两者,v3,1587894.0,1774746.0,186852.0,546C50CA01F1-20201-3,546C50CA01F1,hiv00109.mp4,single_annotator,True
EVT-00081,2026-07-28 06_50_04,20201-3,body_state,行走,WALKING,walking,interval,两者,v3,1805202.0,1812494.0,7292.0,546C50CA01F1-20201-3,546C50CA01F1,hiv00109.mp4,single_annotator,True
EVT-00082,2026-07-28 06_50_04,20201-3,body_state,站立,STANDING,standing,interval,两者,v3,1850417.0,1943864.0,93447.0,546C50CA01F1-20201-3,546C50CA01F1,hiv00109.mp4,single_annotator,True
EVT-00083,2026-07-28 06_50_04,20201-3,body_state,采食,FEEDING,feeding,interval,两者,v3,2018034.0,2117674.0,99640.0,546C50CA01F1-20201-3,546C50CA01F1,hiv00109.mp4,single_annotator,True
EVT-00084,2026-07-28 06_50_04,20201-3,body_state,站立,STANDING,standing,interval,两者,v3,2145361.0,2160711.0,15350.0,546C50CA01F1-20201-3,546C50CA01F1,hiv00109.mp4,single_annotator,True
EVT-00085,2026-07-28 06_50_04,20201-3,body_state,行走,WALKING,walking,interval,两者,v3,2163547.0,2171051.0,7504.0,546C50CA01F1-20201-3,546C50CA01F1,hiv00109.mp4,single_annotator,True
EVT-00086,2026-07-28 06_50_04,20201-3,body_state,站立,STANDING,standing,interval,两者,v3,2196524.0,2241364.0,44840.0,546C50CA01F1-20201-3,546C50CA01F1,hiv00109.mp4,single_annotator,True
EVT-00087,2026-07-28 06_50_04,20201-3,body_state,行走,WALKING,walking,interval,两者,v3,2242449.0,2250789.0,8340.0,546C50CA01F1-20201-3,546C50CA01F1,hiv00109.mp4,single_annotator,True
EVT-00088,2026-07-28 06_50_04,20201-3,body_state,站立,STANDING,standing,interval,两者,v3,2266064.0,2393104.0,127040.0,546C50CA01F1-20201-3,546C50CA01F1,hiv00109.mp4,single_annotator,True
EVT-00089,2026-07-28 06_50_04,20201-3,body_state,行走,WALKING,walking,interval,两者,v3,2394564.0,2402700.0,8136.0,546C50CA01F1-20201-3,546C50CA01F1,hiv00109.mp4,single_annotator,True
EVT-00090,2026-07-28 06_50_04,20201-3,objective_event,排尿,URINATION,urination,interval,两者,v3,2424979.0,2474771.0,49792.0,546C50CA01F1-20201-3,546C50CA01F1,hiv00109.mp4,single_annotator,True
EVT-00091,2026-07-28 06_50_04,20201-3,objective_event,排便,DEFECATION,defecation,interval,两者,v3,2525447.0,2545044.0,19597.0,546C50CA01F1-20201-3,546C50CA01F1,hiv00109.mp4,single_annotator,True
EVT-00092,2026-07-28 06_50_04,20201-3,body_state,行走,WALKING,walking,interval,两者,v3,2545864.0,2559823.0,13959.0,546C50CA01F1-20201-3,546C50CA01F1,hiv00109.mp4,single_annotator,True
EVT-00093,2026-07-28 06_50_04,20201-3,body_state,站立,STANDING,standing,interval,两者,v3,2673936.0,2766421.0,92485.0,546C50CA01F1-20201-3,546C50CA01F1,hiv00109.mp4,single_annotator,True
EVT-00094,2026-07-28 06_50_04,20201-3,tail_action,抬尾,TAIL_RAISED,tail raised,interval,两者,v3,2820234.0,2828763.0,8529.0,546C50CA01F1-20201-3,546C50CA01F1,hiv00109.mp4,single_annotator,True
EVT-00095,2026-07-28 06_50_04,20201-3,body_state,站立,STANDING,standing,interval,两者,v3,2844062.0,3009394.0,165332.0,546C50CA01F1-20201-3,546C50CA01F1,hiv00109.mp4,single_annotator,True
EVT-00096,2026-07-28 06_50_04,20201-3,body_state,行走,WALKING,walking,interval,两者,v3,3011474.0,3022933.0,11459.0,546C50CA01F1-20201-3,546C50CA01F1,hiv00109.mp4,single_annotator,True
EVT-00097,2026-07-28 06_50_04,20201-3,body_state,采食,FEEDING,feeding,interval,两者,v3,3046053.0,3071545.0,25492.0,546C50CA01F1-20201-3,546C50CA01F1,hiv00109.mp4,single_annotator,True
EVT-00098,2026-07-28 06_50_04,20201-3,body_state,采食,FEEDING,feeding,interval,两者,v3,3092090.0,3165635.0,73545.0,546C50CA01F1-20201-3,546C50CA01F1,hiv00109.mp4,single_annotator,True
EVT-00099,2026-07-28 06_50_04,20201-3,body_state,采食,FEEDING,feeding,interval,两者,v3,3209028.0,3246182.0,37154.0,546C50CA01F1-20201-3,546C50CA01F1,hiv00109.mp4,single_annotator,True
EVT-00100,2026-07-28 06_50_04,20201-3,body_state,采食,FEEDING,feeding,interval,两者,v3,3292308.0,3347634.0,55326.0,546C50CA01F1-20201-3,546C50CA01F1,hiv00109.mp4,single_annotator,True
EVT-00101,2026-07-28 07_55_58,20201-3,body_state,行走,WALKING,walking,interval,两者,v3,164853.0,192164.0,27311.0,546C50CA01F1-20201-3,546C50CA01F1,hiv00118.mp4,single_annotator,True
EVT-00102,2026-07-28 07_55_58,20201-3,body_state,站立,STANDING,standing,interval,两者,v3,1425406.0,1474609.0,49203.0,546C50CA01F1-20201-3,546C50CA01F1,hiv00118.mp4,single_annotator,True
EVT-00103,2026-07-28 07_55_58,20201-3,body_state,站立,STANDING,standing,interval,两者,v3,1635776.0,1773978.0,138202.0,546C50CA01F1-20201-3,546C50CA01F1,hiv00118.mp4,single_annotator,True
EVT-00104,2026-07-28 07_55_58,20201-3,body_state,行走,WALKING,walking,interval,两者,v3,1894345.0,1904765.0,10420.0,546C50CA01F1-20201-3,546C50CA01F1,hiv00118.mp4,single_annotator,True
EVT-00105,2026-07-28 07_55_58,20201-3,body_state,站立,STANDING,standing,interval,两者,v3,1919927.0,1960867.0,40940.0,546C50CA01F1-20201-3,546C50CA01F1,hiv00118.mp4,single_annotator,True
EVT-00106,2026-07-28 07_55_58,20201-3,body_state,行走,WALKING,walking,interval,两者,v3,1975122.0,1983449.0,8327.0,546C50CA01F1-20201-3,546C50CA01F1,hiv00118.mp4,single_annotator,True
EVT-00107,2026-07-28 07_55_58,20201-3,body_state,采食,FEEDING,feeding,interval,两者,v3,2016721.0,2097063.0,80342.0,546C50CA01F1-20201-3,546C50CA01F1,hiv00118.mp4,single_annotator,True
EVT-00108,2026-07-28 07_55_58,20201-3,body_state,采食,FEEDING,feeding,interval,两者,v3,2132769.0,2266906.0,134137.0,546C50CA01F1-20201-3,546C50CA01F1,hiv00118.mp4,single_annotator,True
EVT-00109,2026-07-28 07_55_58,20201-3,body_state,采食,FEEDING,feeding,interval,两者,v3,2341001.0,2458735.0,117734.0,546C50CA01F1-20201-3,546C50CA01F1,hiv00118.mp4,single_annotator,True
EVT-00110,2026-07-28 07_55_58,20201-3,body_state,采食,FEEDING,feeding,interval,两者,v3,2903586.0,3040587.0,137001.0,546C50CA01F1-20201-3,546C50CA01F1,hiv00118.mp4,single_annotator,True
EVT-00111,2026-07-28 07_55_58,20201-3,body_state,站立,STANDING,standing,interval,两者,v3,3089263.0,3137633.0,48370.0,546C50CA01F1-20201-3,546C50CA01F1,hiv00118.mp4,single_annotator,True
EVT-00112,2026-07-28 07_55_58,20201-3,objective_event,排尿,URINATION,urination,interval,两者,v3,3157588.0,3195529.0,37941.0,546C50CA01F1-20201-3,546C50CA01F1,hiv00118.mp4,single_annotator,True
EVT-00113,2026-07-28 07_55_58,20201-3,body_state,采食,FEEDING,feeding,interval,两者,v3,3285028.0,3543534.0,258506.0,546C50CA01F1-20201-3,546C50CA01F1,hiv00118.mp4,single_annotator,True
EVT-00114,2026-07-28 09_01_51,20201-3,body_state,行走,WALKING,walking,interval,两者,v3,100551.0,132842.0,32291.0,546C50CA01F1-20201-3,546C50CA01F1,hiv00126.mp4,single_annotator,True
EVT-00115,2026-07-28 09_01_51,20201-3,body_state,站立,STANDING,standing,interval,两者,v3,135184.0,450675.0,315491.0,546C50CA01F1-20201-3,546C50CA01F1,hiv00126.mp4,single_annotator,True
EVT-00116,2026-07-28 09_01_51,20201-3,body_state,行走,WALKING,walking,interval,两者,v3,454856.0,479035.0,24179.0,546C50CA01F1-20201-3,546C50CA01F1,hiv00126.mp4,single_annotator,True
EVT-00117,2026-07-28 09_01_51,20201-3,body_state,站立,STANDING,standing,interval,两者,v3,785664.0,906443.0,120779.0,546C50CA01F1-20201-3,546C50CA01F1,hiv00126.mp4,single_annotator,True
EVT-00118,2026-07-28 09_01_51,20201-3,body_state,站立,STANDING,standing,interval,两者,v3,920598.0,1113245.0,192647.0,546C50CA01F1-20201-3,546C50CA01F1,hiv00126.mp4,single_annotator,True
EVT-00119,2026-07-28 09_01_51,20201-3,body_state,站立,STANDING,standing,interval,两者,v3,1159439.0,1179899.0,20460.0,546C50CA01F1-20201-3,546C50CA01F1,hiv00126.mp4,single_annotator,True
EVT-00120,2026-07-28 09_01_51,20201-3,body_state,站立,STANDING,standing,interval,两者,v3,1200369.0,1396348.0,195979.0,546C50CA01F1-20201-3,546C50CA01F1,hiv00126.mp4,single_annotator,True
EVT-00121,2026-07-28 09_01_51,20201-3,body_state,站立,STANDING,standing,interval,两者,v3,1606567.0,1942205.0,335638.0,546C50CA01F1-20201-3,546C50CA01F1,hiv00126.mp4,single_annotator,True
EVT-00122,2026-07-28 09_01_51,20201-3,body_state,行走,WALKING,walking,interval,两者,v3,2387616.0,2397836.0,10220.0,546C50CA01F1-20201-3,546C50CA01F1,hiv00126.mp4,single_annotator,True
EVT-00123,2026-07-28 09_01_51,20201-3,body_state,采食,FEEDING,feeding,interval,两者,v3,2443531.0,2560545.0,117014.0,546C50CA01F1-20201-3,546C50CA01F1,hiv00126.mp4,single_annotator,True
EVT-00124,2026-07-28 09_01_51,20201-3,body_state,采食,FEEDING,feeding,interval,两者,v3,2624325.0,2938227.0,313902.0,546C50CA01F1-20201-3,546C50CA01F1,hiv00126.mp4,single_annotator,True
EVT-00125,2026-07-28 09_01_51,20201-3,body_state,采食,FEEDING,feeding,interval,两者,v3,2972622.0,3044080.0,71458.0,546C50CA01F1-20201-3,546C50CA01F1,hiv00126.mp4,single_annotator,True
EVT-00126,2026-07-28 09_01_51,20201-3,body_state,采食,FEEDING,feeding,interval,两者,v3,3120974.0,3474739.0,353765.0,546C50CA01F1-20201-3,546C50CA01F1,hiv00126.mp4,single_annotator,True
EVT-00127,2026-07-28 09_01_51,20201-3,body_state,行走,WALKING,walking,interval,两者,v3,3544564.0,3551006.0,6442.0,546C50CA01F1-20201-3,546C50CA01F1,hiv00126.mp4,single_annotator,True
EVT-00128,2026-07-28 10_07_41,20201-3,body_state,站立,STANDING,standing,interval,两者,v3,28012.0,88931.0,60919.0,546C50CA01F1-20201-3,546C50CA01F1,hiv00134.mp4,single_annotator,True
EVT-00129,2026-07-28 10_07_41,20201-3,body_state,行走,WALKING,walking,interval,两者,v3,95758.0,110138.0,14380.0,546C50CA01F1-20201-3,546C50CA01F1,hiv00134.mp4,single_annotator,True
EVT-00130,2026-07-28 10_07_41,20201-3,body_state,采食,FEEDING,feeding,interval,两者,v3,138316.0,193069.0,54753.0,546C50CA01F1-20201-3,546C50CA01F1,hiv00134.mp4,single_annotator,True
EVT-00131,2026-07-28 10_07_41,20201-3,objective_event,排尿,URINATION,urination,interval,两者,v3,210701.0,250095.0,39394.0,546C50CA01F1-20201-3,546C50CA01F1,hiv00134.mp4,single_annotator,True
EVT-00132,2026-07-28 10_07_41,20201-3,body_state,行走,WALKING,walking,interval,两者,v3,294454.0,302377.0,7923.0,546C50CA01F1-20201-3,546C50CA01F1,hiv00134.mp4,single_annotator,True
EVT-00133,2026-07-28 10_07_41,20201-3,body_state,行走,WALKING,walking,interval,两者,v3,480854.0,489194.0,8340.0,546C50CA01F1-20201-3,546C50CA01F1,hiv00134.mp4,single_annotator,True
EVT-00134,2026-07-28 10_07_41,20201-3,body_state,站立,STANDING,standing,interval,两者,v3,508885.0,601355.0,92470.0,546C50CA01F1-20201-3,546C50CA01F1,hiv00134.mp4,single_annotator,True
EVT-00135,2026-07-28 10_07_41,20201-3,tail_action,抬尾,TAIL_RAISED,tail raised,interval,两者,v3,649242.0,670696.0,21454.0,546C50CA01F1-20201-3,546C50CA01F1,hiv00134.mp4,single_annotator,True
EVT-00136,2026-07-28 10_07_41,20201-3,body_state,行走,WALKING,walking,interval,两者,v3,1422753.0,1435658.0,12905.0,546C50CA01F1-20201-3,546C50CA01F1,hiv00134.mp4,single_annotator,True
EVT-00137,2026-07-28 10_07_41,20201-3,body_state,行走,WALKING,walking,interval,两者,v3,1490485.0,1495713.0,5228.0,546C50CA01F1-20201-3,546C50CA01F1,hiv00134.mp4,single_annotator,True
EVT-00138,2026-07-28 10_07_41,20201-3,body_state,行走,WALKING,walking,interval,两者,v3,1505507.0,1515511.0,10004.0,546C50CA01F1-20201-3,546C50CA01F1,hiv00134.mp4,single_annotator,True
EVT-00139,2026-07-28 10_07_41,20201-3,body_state,行走,WALKING,walking,interval,两者,v3,1523838.0,1542167.0,18329.0,546C50CA01F1-20201-3,546C50CA01F1,hiv00134.mp4,single_annotator,True
EVT-00140,2026-07-28 10_07_41,20201-3,body_state,站立,STANDING,standing,interval,两者,v3,1561114.0,1616496.0,55382.0,546C50CA01F1-20201-3,546C50CA01F1,hiv00134.mp4,single_annotator,True
EVT-00141,2026-07-28 10_07_41,20201-3,body_state,行走,WALKING,walking,interval,两者,v3,1644177.0,1661252.0,17075.0,546C50CA01F1-20201-3,546C50CA01F1,hiv00134.mp4,single_annotator,True
EVT-00142,2026-07-28 10_07_41,20201-3,body_state,采食,FEEDING,feeding,interval,两者,v3,1684029.0,1730726.0,46697.0,546C50CA01F1-20201-3,546C50CA01F1,hiv00134.mp4,single_annotator,True
EVT-00143,2026-07-28 10_07_41,20201-3,body_state,采食,FEEDING,feeding,interval,两者,v3,1909855.0,1967410.0,57555.0,546C50CA01F1-20201-3,546C50CA01F1,hiv00134.mp4,single_annotator,True
EVT-00144,2026-07-28 10_07_41,20201-3,body_state,采食,FEEDING,feeding,interval,两者,v3,2186964.0,2268196.0,81232.0,546C50CA01F1-20201-3,546C50CA01F1,hiv00134.mp4,single_annotator,True
EVT-00145,2026-07-28 10_07_41,20201-3,body_state,行走,WALKING,walking,interval,两者,v3,2533871.0,2541791.0,7920.0,546C50CA01F1-20201-3,546C50CA01F1,hiv00134.mp4,single_annotator,True
EVT-00146,2026-07-28 10_07_41,20201-3,body_state,站立,STANDING,standing,interval,两者,v3,3068637.0,3493795.0,425158.0,546C50CA01F1-20201-3,546C50CA01F1,hiv00134.mp4,single_annotator,True
EVT-00147,2026-07-28 10_07_41,20201-3,body_state,行走,WALKING,walking,interval,两者,v3,3502914.0,3511034.0,8120.0,546C50CA01F1-20201-3,546C50CA01F1,hiv00134.mp4,single_annotator,True
EVT-00148,2026-07-28 10_07_41,20201-3,posture_transition,卧倒过程,LYING_DOWN,lying down,interval,两者,v3,3532514.0,3552718.0,20204.0,546C50CA01F1-20201-3,546C50CA01F1,hiv00134.mp4,single_annotator,True
EVT-00149,2026-07-28 11_13_43,20201-3,body_state,站立,STANDING,standing,interval,两者,v3,74855.0,105730.0,30875.0,546C50CA01F1-20201-3,546C50CA01F1,hiv00142.mp4,single_annotator,True
EVT-00150,2026-07-28 11_13_43,20201-3,body_state,行走,WALKING,walking,interval,两者,v3,108241.0,113871.0,5630.0,546C50CA01F1-20201-3,546C50CA01F1,hiv00142.mp4,single_annotator,True
EVT-00151,2026-07-28 11_13_43,20201-3,body_state,站立,STANDING,standing,interval,两者,v3,200217.0,427253.0,227036.0,546C50CA01F1-20201-3,546C50CA01F1,hiv00142.mp4,single_annotator,True
EVT-00152,2026-07-28 11_13_43,20201-3,body_state,采食,FEEDING,feeding,interval,两者,v3,455112.0,1080877.0,625765.0,546C50CA01F1-20201-3,546C50CA01F1,hiv00142.mp4,single_annotator,True
EVT-00153,2026-07-28 11_13_43,20201-3,body_state,采食,FEEDING,feeding,interval,两者,v3,1099947.0,1278748.0,178801.0,546C50CA01F1-20201-3,546C50CA01F1,hiv00142.mp4,single_annotator,True
EVT-00154,2026-07-28 11_13_43,20201-3,body_state,采食,FEEDING,feeding,interval,两者,v3,1584314.0,1713413.0,129099.0,546C50CA01F1-20201-3,546C50CA01F1,hiv00142.mp4,single_annotator,True
EVT-00155,2026-07-28 11_13_43,20201-3,body_state,采食,FEEDING,feeding,interval,两者,v3,2287947.0,2920432.0,632485.0,546C50CA01F1-20201-3,546C50CA01F1,hiv00142.mp4,single_annotator,True
EVT-00156,2026-07-28 11_13_43,20201-3,body_state,采食,FEEDING,feeding,interval,两者,v3,2997335.0,3149561.0,152226.0,546C50CA01F1-20201-3,546C50CA01F1,hiv00142.mp4,single_annotator,True
EVT-00157,2026-07-28 11_13_43,20201-3,body_state,采食,FEEDING,feeding,interval,两者,v3,3200174.0,3328397.0,128223.0,546C50CA01F1-20201-3,546C50CA01F1,hiv00142.mp4,single_annotator,True
EVT-00158,2026-07-28 11_13_43,20201-3,posture_transition,卧倒过程,LYING_DOWN,lying down,interval,两者,v3,3377113.0,3391493.0,14380.0,546C50CA01F1-20201-3,546C50CA01F1,hiv00142.mp4,single_annotator,True
EVT-00159,2026-07-28 11_13_43,20201-3,body_state,躺卧,LYING,lying,interval,两者,v3,3406716.0,3463228.0,56512.0,546C50CA01F1-20201-3,546C50CA01F1,hiv00142.mp4,single_annotator,True
EVT-00160,2026-07-28 11_13_43,20201-3,posture_transition,起立过程,STANDING_UP,standing up,interval,两者,v3,3463486.0,3478497.0,15011.0,546C50CA01F1-20201-3,546C50CA01F1,hiv00142.mp4,single_annotator,True
EVT-00161,2026-07-28 11_13_43,20201-3,body_state,行走,WALKING,walking,interval,两者,v3,3482667.0,3491204.0,8537.0,546C50CA01F1-20201-3,546C50CA01F1,hiv00142.mp4,single_annotator,True
EVT-00162,2026-07-28 11_13_43,20201-3,body_state,采食,FEEDING,feeding,interval,两者,v3,3513499.0,3599856.0,86357.0,546C50CA01F1-20201-3,546C50CA01F1,hiv00142.mp4,single_annotator,True
EVT-00163,2026-07-28 12_19_46,20201-3,body_state,采食,FEEDING,feeding,interval,两者,v3,2298.0,115889.0,113591.0,546C50CA01F1-20201-3,546C50CA01F1,hiv00150.mp4,single_annotator,True
EVT-00164,2026-07-28 12_19_46,20201-3,body_state,站立,STANDING,standing,interval,两者,v3,203565.0,282212.0,78647.0,546C50CA01F1-20201-3,546C50CA01F1,hiv00150.mp4,single_annotator,True
EVT-00165,2026-07-28 12_19_46,20201-3,body_state,站立,STANDING,standing,interval,两者,v3,328252.0,441113.0,112861.0,546C50CA01F1-20201-3,546C50CA01F1,hiv00150.mp4,single_annotator,True
EVT-00166,2026-07-28 12_19_46,20201-3,body_state,行走,WALKING,walking,interval,两者,v3,448787.0,463355.0,14568.0,546C50CA01F1-20201-3,546C50CA01F1,hiv00150.mp4,single_annotator,True
EVT-00167,2026-07-28 12_19_46,20201-3,objective_event,排便,DEFECATION,defecation,interval,两者,v3,496079.0,511919.0,15840.0,546C50CA01F1-20201-3,546C50CA01F1,hiv00150.mp4,single_annotator,True
EVT-00168,2026-07-28 12_19_46,20201-3,body_state,行走,WALKING,walking,interval,两者,v3,516509.0,527133.0,10624.0,546C50CA01F1-20201-3,546C50CA01F1,hiv00150.mp4,single_annotator,True
EVT-00169,2026-07-28 12_19_46,20201-3,body_state,站立,STANDING,standing,interval,两者,v3,550126.0,656364.0,106238.0,546C50CA01F1-20201-3,546C50CA01F1,hiv00150.mp4,single_annotator,True
EVT-00170,2026-07-28 12_19_46,20201-3,objective_event,排尿,URINATION,urination,interval,两者,v3,695794.0,718095.0,22301.0,546C50CA01F1-20201-3,546C50CA01F1,hiv00150.mp4,single_annotator,True
EVT-00171,2026-07-28 12_19_46,20201-3,body_state,行走,WALKING,walking,interval,两者,v3,751007.0,757049.0,6042.0,546C50CA01F1-20201-3,546C50CA01F1,hiv00150.mp4,single_annotator,True
EVT-00172,2026-07-28 12_19_46,20201-3,body_state,行走,WALKING,walking,interval,两者,v3,761607.0,767447.0,5840.0,546C50CA01F1-20201-3,546C50CA01F1,hiv00150.mp4,single_annotator,True
EVT-00173,2026-07-28 12_19_46,20201-3,body_state,行走,WALKING,walking,interval,两者,v3,793720.0,802470.0,8750.0,546C50CA01F1-20201-3,546C50CA01F1,hiv00150.mp4,single_annotator,True
EVT-00174,2026-07-28 12_19_46,20201-3,body_state,采食,FEEDING,feeding,interval,两者,v3,843486.0,1220850.0,377364.0,546C50CA01F1-20201-3,546C50CA01F1,hiv00150.mp4,single_annotator,True
EVT-00175,2026-07-28 12_19_46,20201-3,body_state,采食,FEEDING,feeding,interval,两者,v3,1269217.0,2112473.0,843256.0,546C50CA01F1-20201-3,546C50CA01F1,hiv00150.mp4,single_annotator,True
EVT-00176,2026-07-28 12_19_46,20201-3,body_state,行走,WALKING,walking,interval,两者,v3,2218133.0,2227730.0,9597.0,546C50CA01F1-20201-3,546C50CA01F1,hiv00150.mp4,single_annotator,True
EVT-00177,2026-07-28 12_19_46,20201-3,posture_transition,卧倒过程,LYING_DOWN,lying down,interval,两者,v3,2268550.0,2283565.0,15015.0,546C50CA01F1-20201-3,546C50CA01F1,hiv00150.mp4,single_annotator,True
EVT-00178,2026-07-28 12_19_46,20201-3,body_state,躺卧,LYING,lying,interval,两者,v3,2347453.0,3202605.0,855152.0,546C50CA01F1-20201-3,546C50CA01F1,hiv00150.mp4,single_annotator,True
EVT-00179,2026-07-28 12_19_46,20201-3,body_state,躺卧,LYING,lying,interval,两者,v3,3516651.0,3599857.0,83206.0,546C50CA01F1-20201-3,546C50CA01F1,hiv00150.mp4,single_annotator,True
EVT-00180,2026-07-28 13_25_36,20201-3,body_state,躺卧,LYING,lying,interval,两者,v3,0.0,226444.0,226444.0,546C50CA01F1-20201-3,546C50CA01F1,hiv00158.mp4,single_annotator,True
EVT-00181,2026-07-28 13_25_36,20201-3,posture_transition,起立过程,STANDING_UP,standing up,interval,两者,v3,232484.0,244355.0,11871.0,546C50CA01F1-20201-3,546C50CA01F1,hiv00158.mp4,single_annotator,True
EVT-00182,2026-07-28 13_25_36,20201-3,body_state,行走,WALKING,walking,interval,两者,v3,249996.0,258956.0,8960.0,546C50CA01F1-20201-3,546C50CA01F1,hiv00158.mp4,single_annotator,True
EVT-00183,2026-07-28 13_25_36,20201-3,tail_action,抬尾,TAIL_RAISED,tail raised,interval,两者,v3,265616.0,280196.0,14580.0,546C50CA01F1-20201-3,546C50CA01F1,hiv00158.mp4,single_annotator,True
EVT-00184,2026-07-28 13_25_36,20201-3,body_state,采食,FEEDING,feeding,interval,两者,v3,310783.0,390665.0,79882.0,546C50CA01F1-20201-3,546C50CA01F1,hiv00158.mp4,single_annotator,True
EVT-00185,2026-07-28 13_25_36,20201-3,objective_event,排尿,URINATION,urination,interval,两者,v3,421257.0,437518.0,16261.0,546C50CA01F1-20201-3,546C50CA01F1,hiv00158.mp4,single_annotator,True
EVT-00186,2026-07-28 13_25_36,20201-3,body_state,采食,FEEDING,feeding,interval,两者,v3,480945.0,568141.0,87196.0,546C50CA01F1-20201-3,546C50CA01F1,hiv00158.mp4,single_annotator,True
EVT-00187,2026-07-28 13_25_36,20201-3,body_state,采食,FEEDING,feeding,interval,两者,v3,846243.0,918568.0,72325.0,546C50CA01F1-20201-3,546C50CA01F1,hiv00158.mp4,single_annotator,True
EVT-00188,2026-07-28 13_25_36,20201-3,objective_event,排尿,URINATION,urination,interval,两者,v3,928923.0,946024.0,17101.0,546C50CA01F1-20201-3,546C50CA01F1,hiv00158.mp4,single_annotator,True
EVT-00189,2026-07-28 13_25_36,20201-3,body_state,采食,FEEDING,feeding,interval,两者,v3,992909.0,1134613.0,141704.0,546C50CA01F1-20201-3,546C50CA01F1,hiv00158.mp4,single_annotator,True
EVT-00190,2026-07-28 13_25_36,20201-3,body_state,采食,FEEDING,feeding,interval,两者,v3,1256628.0,1365180.0,108552.0,546C50CA01F1-20201-3,546C50CA01F1,hiv00158.mp4,single_annotator,True
EVT-00191,2026-07-28 13_25_36,20201-3,body_state,采食,FEEDING,feeding,interval,两者,v3,1492251.0,1986157.0,493906.0,546C50CA01F1-20201-3,546C50CA01F1,hiv00158.mp4,single_annotator,True
EVT-00192,2026-07-28 13_25_36,20201-3,body_state,站立,STANDING,standing,interval,两者,v3,2034263.0,2132255.0,97992.0,546C50CA01F1-20201-3,546C50CA01F1,hiv00158.mp4,single_annotator,True
EVT-00193,2026-07-28 13_25_36,20201-3,body_state,采食,FEEDING,feeding,interval,两者,v3,2253278.0,2329842.0,76564.0,546C50CA01F1-20201-3,546C50CA01F1,hiv00158.mp4,single_annotator,True
EVT-00194,2026-07-28 13_25_36,20201-3,body_state,采食,FEEDING,feeding,interval,两者,v3,2378452.0,2697521.0,319069.0,546C50CA01F1-20201-3,546C50CA01F1,hiv00158.mp4,single_annotator,True
EVT-00195,2026-07-28 13_25_36,20201-3,tail_action,抬尾,TAIL_RAISED,tail raised,interval,两者,v3,2749089.0,2772842.0,23753.0,546C50CA01F1-20201-3,546C50CA01F1,hiv00158.mp4,single_annotator,True
EVT-00196,2026-07-28 13_25_36,20201-3,body_state,行走,WALKING,walking,interval,两者,v3,2772842.0,2792222.0,19380.0,546C50CA01F1-20201-3,546C50CA01F1,hiv00158.mp4,single_annotator,True
EVT-00197,2026-07-28 13_25_36,20201-3,body_state,站立,STANDING,standing,interval,两者,v3,2802556.0,2876885.0,74329.0,546C50CA01F1-20201-3,546C50CA01F1,hiv00158.mp4,single_annotator,True
EVT-00198,2026-07-28 13_25_36,20201-3,body_state,行走,WALKING,walking,interval,两者,v3,2876885.0,2892706.0,15821.0,546C50CA01F1-20201-3,546C50CA01F1,hiv00158.mp4,single_annotator,True
EVT-00199,2026-07-28 13_25_36,20201-3,body_state,采食,FEEDING,feeding,interval,两者,v3,2896666.0,3198615.0,301949.0,546C50CA01F1-20201-3,546C50CA01F1,hiv00158.mp4,single_annotator,True
EVT-00200,2026-07-28 13_25_36,20201-3,body_state,行走,WALKING,walking,interval,两者,v3,3293633.0,3300926.0,7293.0,546C50CA01F1-20201-3,546C50CA01F1,hiv00158.mp4,single_annotator,True
EVT-00201,2026-07-28 13_25_36,20201-3,body_state,行走,WALKING,walking,interval,两者,v3,3305926.0,3313233.0,7307.0,546C50CA01F1-20201-3,546C50CA01F1,hiv00158.mp4,single_annotator,True
EVT-00202,2026-07-28 13_25_36,20201-3,body_state,采食,FEEDING,feeding,interval,两者,v3,3441483.0,3586939.0,145456.0,546C50CA01F1-20201-3,546C50CA01F1,hiv00158.mp4,single_annotator,True
EVT-00203,2026-07-28 14_31_31,20201-3,body_state,行走,WALKING,walking,interval,两者,v3,143893.0,153473.0,9580.0,546C50CA01F1-20201-3,546C50CA01F1,hiv00166.mp4,single_annotator,True
EVT-00204,2026-07-28 14_31_31,20201-3,body_state,站立,STANDING,standing,interval,两者,v3,354085.0,678737.0,324652.0,546C50CA01F1-20201-3,546C50CA01F1,hiv00166.mp4,single_annotator,True
EVT-00205,2026-07-28 14_31_31,20201-3,body_state,站立,STANDING,standing,interval,两者,v3,797857.0,980509.0,182652.0,546C50CA01F1-20201-3,546C50CA01F1,hiv00166.mp4,single_annotator,True
EVT-00206,2026-07-28 14_31_31,20201-3,body_state,采食,FEEDING,feeding,interval,两者,v3,1067869.0,1208389.0,140520.0,546C50CA01F1-20201-3,546C50CA01F1,hiv00166.mp4,single_annotator,True
EVT-00207,2026-07-28 14_31_31,20201-3,body_state,行走,WALKING,walking,interval,两者,v3,1222861.0,1238081.0,15220.0,546C50CA01F1-20201-3,546C50CA01F1,hiv00166.mp4,single_annotator,True
EVT-00208,2026-07-28 14_31_31,20201-3,body_state,行走,WALKING,walking,interval,两者,v3,1246005.0,1266203.0,20198.0,546C50CA01F1-20201-3,546C50CA01F1,hiv00166.mp4,single_annotator,True
EVT-00209,2026-07-28 14_31_31,20201-3,body_state,行走,WALKING,walking,interval,两者,v3,1287483.0,1304564.0,17081.0,546C50CA01F1-20201-3,546C50CA01F1,hiv00166.mp4,single_annotator,True
EVT-00210,2026-07-28 14_31_31,20201-3,body_state,行走,WALKING,walking,interval,两者,v3,2403772.0,2426906.0,23134.0,546C50CA01F1-20201-3,546C50CA01F1,hiv00166.mp4,single_annotator,True
EVT-00211,2026-07-28 14_31_31,20201-3,body_state,行走,WALKING,walking,interval,两者,v3,2454210.0,2473800.0,19590.0,546C50CA01F1-20201-3,546C50CA01F1,hiv00166.mp4,single_annotator,True
EVT-00212,2026-07-28 14_31_31,20201-3,body_state,站立,STANDING,standing,interval,两者,v3,2491087.0,2543687.0,52600.0,546C50CA01F1-20201-3,546C50CA01F1,hiv00166.mp4,single_annotator,True
EVT-00213,2026-07-28 14_31_31,20201-3,body_state,采食,FEEDING,feeding,interval,两者,v3,2655749.0,2685075.0,29326.0,546C50CA01F1-20201-3,546C50CA01F1,hiv00166.mp4,single_annotator,True
EVT-00214,2026-07-28 14_31_31,20201-3,body_state,采食,FEEDING,feeding,interval,两者,v3,2707609.0,2858772.0,151163.0,546C50CA01F1-20201-3,546C50CA01F1,hiv00166.mp4,single_annotator,True
EVT-00215,2026-07-28 14_31_31,20201-3,body_state,采食,FEEDING,feeding,interval,两者,v3,2881782.0,2972910.0,91128.0,546C50CA01F1-20201-3,546C50CA01F1,hiv00166.mp4,single_annotator,True
EVT-00216,2026-07-28 14_31_31,20201-3,body_state,行走,WALKING,walking,interval,两者,v3,3320332.0,3331593.0,11261.0,546C50CA01F1-20201-3,546C50CA01F1,hiv00166.mp4,single_annotator,True
EVT-00217,2026-07-28 14_31_31,20201-3,body_state,站立,STANDING,standing,interval,两者,v3,3354611.0,3426001.0,71390.0,546C50CA01F1-20201-3,546C50CA01F1,hiv00166.mp4,single_annotator,True
EVT-00218,2026-07-28 14_31_31,20201-3,body_state,行走,WALKING,walking,interval,两者,v3,3426894.0,3436895.0,10001.0,546C50CA01F1-20201-3,546C50CA01F1,hiv00166.mp4,single_annotator,True
EVT-00219,2026-07-28 15_37_38,20201-3,body_state,行走,WALKING,walking,interval,两者,v3,753906.0,760786.0,6880.0,546C50CA01F1-20201-3,546C50CA01F1,hiv00174.mp4,single_annotator,True
EVT-00220,2026-07-28 15_37_38,20201-3,tail_action,抬尾,TAIL_RAISED,tail raised,interval,两者,v3,795767.0,824736.0,28969.0,546C50CA01F1-20201-3,546C50CA01F1,hiv00174.mp4,single_annotator,True
EVT-00221,2026-07-28 15_37_38,20201-3,posture_transition,卧倒过程,LYING_DOWN,lying down,interval,两者,v3,922792.0,945941.0,23149.0,546C50CA01F1-20201-3,546C50CA01F1,hiv00174.mp4,single_annotator,True
EVT-00222,2026-07-28 15_37_38,20201-3,body_state,躺卧,LYING,lying,interval,两者,v3,963861.0,1321322.0,357461.0,546C50CA01F1-20201-3,546C50CA01F1,hiv00174.mp4,single_annotator,True
EVT-00223,2026-07-28 15_37_38,20201-3,body_state,躺卧,LYING,lying,interval,两者,v3,1345136.0,2047170.0,702034.0,546C50CA01F1-20201-3,546C50CA01F1,hiv00174.mp4,single_annotator,True
EVT-00224,2026-07-28 15_37_38,20201-3,posture_transition,起立过程,STANDING_UP,standing up,interval,两者,v3,2052810.0,2062850.0,10040.0,546C50CA01F1-20201-3,546C50CA01F1,hiv00174.mp4,single_annotator,True
EVT-00225,2026-07-28 15_37_38,20201-3,posture_transition,卧倒过程,LYING_DOWN,lying down,interval,两者,v3,2410519.0,2428439.0,17920.0,546C50CA01F1-20201-3,546C50CA01F1,hiv00174.mp4,single_annotator,True
EVT-00226,2026-07-28 15_37_38,20201-3,body_state,躺卧,LYING,lying,interval,两者,v3,2438569.0,3349248.0,910679.0,546C50CA01F1-20201-3,546C50CA01F1,hiv00174.mp4,single_annotator,True
EVT-00227,2026-07-28 15_37_38,20201-3,body_state,躺卧,LYING,lying,interval,两者,v3,3370069.0,3599857.0,229788.0,546C50CA01F1-20201-3,546C50CA01F1,hiv00174.mp4,single_annotator,True
EVT-00228,2026-07-28 16_44_10,20201-3,body_state,采食,FEEDING,feeding,interval,两者,v3,63932.0,182375.0,118443.0,546C50CA01F1-20201-3,546C50CA01F1,hiv00182.mp4,single_annotator,True
EVT-00229,2026-07-28 16_44_10,20201-3,body_state,采食,FEEDING,feeding,interval,两者,v3,236005.0,347169.0,111164.0,546C50CA01F1-20201-3,546C50CA01F1,hiv00182.mp4,single_annotator,True
EVT-00230,2026-07-28 16_44_10,20201-3,body_state,行走,WALKING,walking,interval,两者,v3,421154.0,429474.0,8320.0,546C50CA01F1-20201-3,546C50CA01F1,hiv00182.mp4,single_annotator,True
EVT-00231,2026-07-28 16_44_10,20201-3,body_state,行走,WALKING,walking,interval,两者,v3,453455.0,458665.0,5210.0,546C50CA01F1-20201-3,546C50CA01F1,hiv00182.mp4,single_annotator,True
EVT-00232,2026-07-28 16_44_10,20201-3,body_state,行走,WALKING,walking,interval,两者,v3,489908.0,496168.0,6260.0,546C50CA01F1-20201-3,546C50CA01F1,hiv00182.mp4,single_annotator,True
EVT-00233,2026-07-28 16_44_10,20201-3,posture_transition,卧倒过程,LYING_DOWN,lying down,interval,两者,v3,501794.0,515548.0,13754.0,546C50CA01F1-20201-3,546C50CA01F1,hiv00182.mp4,single_annotator,True
EVT-00234,2026-07-28 16_44_10,20201-3,body_state,躺卧,LYING,lying,interval,两者,v3,538648.0,1363908.0,825260.0,546C50CA01F1-20201-3,546C50CA01F1,hiv00182.mp4,single_annotator,True
EVT-00235,2026-07-28 16_44_10,20201-3,body_state,躺卧,LYING,lying,interval,两者,v3,1386476.0,2098808.0,712332.0,546C50CA01F1-20201-3,546C50CA01F1,hiv00182.mp4,single_annotator,True
EVT-00236,2026-07-28 16_44_10,20201-3,posture_transition,起立过程,STANDING_UP,standing up,interval,两者,v3,2118053.0,2133472.0,15419.0,546C50CA01F1-20201-3,546C50CA01F1,hiv00182.mp4,single_annotator,True
EVT-00237,2026-07-28 16_44_10,20201-3,body_state,站立,STANDING,standing,interval,两者,v3,2141104.0,2355385.0,214281.0,546C50CA01F1-20201-3,546C50CA01F1,hiv00182.mp4,single_annotator,True
EVT-00238,2026-07-28 16_44_10,20201-3,objective_event,排尿,URINATION,urination,interval,两者,v3,2359755.0,2400100.0,40345.0,546C50CA01F1-20201-3,546C50CA01F1,hiv00182.mp4,single_annotator,True
EVT-00239,2026-07-28 16_44_10,20201-3,body_state,站立,STANDING,standing,interval,两者,v3,2409972.0,2456422.0,46450.0,546C50CA01F1-20201-3,546C50CA01F1,hiv00182.mp4,single_annotator,True
EVT-00240,2026-07-28 16_44_10,20201-3,body_state,行走,WALKING,walking,interval,两者,v3,2476880.0,2484578.0,7698.0,546C50CA01F1-20201-3,546C50CA01F1,hiv00182.mp4,single_annotator,True
EVT-00241,2026-07-28 16_44_10,20201-3,objective_event,排便,DEFECATION,defecation,interval,两者,v3,2484578.0,2504377.0,19799.0,546C50CA01F1-20201-3,546C50CA01F1,hiv00182.mp4,single_annotator,True
EVT-00242,2026-07-28 16_44_10,20201-3,body_state,采食,FEEDING,feeding,interval,两者,v3,2539907.0,2660700.0,120793.0,546C50CA01F1-20201-3,546C50CA01F1,hiv00182.mp4,single_annotator,True
EVT-00243,2026-07-28 16_44_10,20201-3,body_state,采食,FEEDING,feeding,interval,两者,v3,2690981.0,2926201.0,235220.0,546C50CA01F1-20201-3,546C50CA01F1,hiv00182.mp4,single_annotator,True
EVT-00244,2026-07-28 16_44_10,20201-3,body_state,行走,WALKING,walking,interval,两者,v3,2995615.0,3010407.0,14792.0,546C50CA01F1-20201-3,546C50CA01F1,hiv00182.mp4,single_annotator,True
EVT-00245,2026-07-28 16_44_10,20201-3,body_state,行走,WALKING,walking,interval,两者,v3,3081059.0,3103339.0,22280.0,546C50CA01F1-20201-3,546C50CA01F1,hiv00182.mp4,single_annotator,True
EVT-00246,2026-07-28 16_44_10,20201-3,body_state,采食,FEEDING,feeding,interval,两者,v3,3131305.0,3243849.0,112544.0,546C50CA01F1-20201-3,546C50CA01F1,hiv00182.mp4,single_annotator,True
EVT-00247,2026-07-28 17_50_25,20201-3,body_state,采食,FEEDING,feeding,interval,两者,v3,40568.0,215704.0,175136.0,546C50CA01F1-20201-3,546C50CA01F1,hiv00187.mp4,single_annotator,True
EVT-00248,2026-07-28 17_50_25,20201-3,body_state,行走,WALKING,walking,interval,两者,v3,1037286.0,1049787.0,12501.0,546C50CA01F1-20201-3,546C50CA01F1,hiv00187.mp4,single_annotator,True
EVT-00249,2026-07-28 17_50_25,20201-3,posture_transition,卧倒过程,LYING_DOWN,lying down,interval,两者,v3,1058557.0,1080223.0,21666.0,546C50CA01F1-20201-3,546C50CA01F1,hiv00187.mp4,single_annotator,True
EVT-00250,2026-07-28 17_50_25,20201-3,body_state,躺卧,LYING,lying,interval,两者,v3,1090492.0,1358896.0,268404.0,546C50CA01F1-20201-3,546C50CA01F1,hiv00187.mp4,single_annotator,True
EVT-00251,2026-07-28 17_50_25,20201-3,posture_transition,起立过程,STANDING_UP,standing up,interval,两者,v3,1365777.0,1379747.0,13970.0,546C50CA01F1-20201-3,546C50CA01F1,hiv00187.mp4,single_annotator,True
EVT-00252,2026-07-28 17_50_25,20201-3,body_state,行走,WALKING,walking,interval,两者,v3,1396210.0,1405590.0,9380.0,546C50CA01F1-20201-3,546C50CA01F1,hiv00187.mp4,single_annotator,True
EVT-00253,2026-07-28 17_50_25,20201-3,body_state,采食,FEEDING,feeding,interval,两者,v3,1446568.0,1544894.0,98326.0,546C50CA01F1-20201-3,546C50CA01F1,hiv00187.mp4,single_annotator,True
EVT-00254,2026-07-28 17_50_25,20201-3,body_state,采食,FEEDING,feeding,interval,两者,v3,1683800.0,2354173.0,670373.0,546C50CA01F1-20201-3,546C50CA01F1,hiv00187.mp4,single_annotator,True
EVT-00255,2026-07-28 17_50_25,20201-3,body_state,采食,FEEDING,feeding,interval,两者,v3,2394898.0,2863121.0,468223.0,546C50CA01F1-20201-3,546C50CA01F1,hiv00187.mp4,single_annotator,True
EVT-00256,2026-07-28 17_50_25,20201-3,body_state,采食,FEEDING,feeding,interval,两者,v3,2994295.0,3483220.0,488925.0,546C50CA01F1-20201-3,546C50CA01F1,hiv00187.mp4,single_annotator,True
EVT-00257,2026-07-28 18_57_09,20201-3,body_state,躺卧,LYING,lying,interval,两者,v3,48880.0,332815.0,283935.0,546C50CA01F1-20201-3,546C50CA01F1,hiv00195.mp4,single_annotator,True
EVT-00258,2026-07-28 18_57_09,20201-3,posture_transition,起立过程,STANDING_UP,standing up,interval,两者,v3,335141.0,349301.0,14160.0,546C50CA01F1-20201-3,546C50CA01F1,hiv00195.mp4,single_annotator,True
EVT-00259,2026-07-28 18_57_09,20201-3,body_state,行走,WALKING,walking,interval,两者,v3,372227.0,384738.0,12511.0,546C50CA01F1-20201-3,546C50CA01F1,hiv00195.mp4,single_annotator,True
EVT-00260,2026-07-28 18_57_09,20201-3,body_state,行走,WALKING,walking,interval,两者,v3,397238.0,407238.0,10000.0,546C50CA01F1-20201-3,546C50CA01F1,hiv00195.mp4,single_annotator,True
EVT-00261,2026-07-28 18_57_09,20201-3,body_state,行走,WALKING,walking,interval,两者,v3,459090.0,473690.0,14600.0,546C50CA01F1-20201-3,546C50CA01F1,hiv00195.mp4,single_annotator,True
EVT-00262,2026-07-28 18_57_09,20201-3,body_state,行走,WALKING,walking,interval,两者,v3,504742.0,513902.0,9160.0,546C50CA01F1-20201-3,546C50CA01F1,hiv00195.mp4,single_annotator,True
EVT-00263,2026-07-28 18_57_09,20201-3,body_state,采食,FEEDING,feeding,interval,两者,v3,542005.0,666285.0,124280.0,546C50CA01F1-20201-3,546C50CA01F1,hiv00195.mp4,single_annotator,True
EVT-00264,2026-07-28 18_57_09,20201-3,objective_event,排尿,URINATION,urination,interval,两者,v3,683134.0,718771.0,35637.0,546C50CA01F1-20201-3,546C50CA01F1,hiv00195.mp4,single_annotator,True
EVT-00265,2026-07-28 18_57_09,20201-3,body_state,采食,FEEDING,feeding,interval,两者,v3,746546.0,950846.0,204300.0,546C50CA01F1-20201-3,546C50CA01F1,hiv00195.mp4,single_annotator,True
EVT-00266,2026-07-28 18_57_09,20201-3,body_state,采食,FEEDING,feeding,interval,两者,v3,1260861.0,1433153.0,172292.0,546C50CA01F1-20201-3,546C50CA01F1,hiv00195.mp4,single_annotator,True
EVT-00267,2026-07-28 18_57_09,20201-3,body_state,采食,FEEDING,feeding,interval,两者,v3,1486406.0,1604952.0,118546.0,546C50CA01F1-20201-3,546C50CA01F1,hiv00195.mp4,single_annotator,True
EVT-00268,2026-07-28 18_57_09,20201-3,body_state,采食,FEEDING,feeding,interval,两者,v3,1681682.0,1730836.0,49154.0,546C50CA01F1-20201-3,546C50CA01F1,hiv00195.mp4,single_annotator,True
EVT-00269,2026-07-28 18_57_09,20201-3,body_state,行走,WALKING,walking,interval,两者,v3,1734295.0,1745131.0,10836.0,546C50CA01F1-20201-3,546C50CA01F1,hiv00195.mp4,single_annotator,True
EVT-00270,2026-07-28 18_57_09,20201-3,body_state,行走,WALKING,walking,interval,两者,v3,1788047.0,1802843.0,14796.0,546C50CA01F1-20201-3,546C50CA01F1,hiv00195.mp4,single_annotator,True
EVT-00271,2026-07-28 18_57_09,20201-3,body_state,行走,WALKING,walking,interval,两者,v3,3301126.0,3306745.0,5619.0,546C50CA01F1-20201-3,546C50CA01F1,hiv00195.mp4,single_annotator,True
EVT-00272,2026-07-28 18_57_09,20201-3,body_state,站立,STANDING,standing,interval,两者,v3,3385946.0,3599862.0,213916.0,546C50CA01F1-20201-3,546C50CA01F1,hiv00195.mp4,single_annotator,True
EVT-00273,2026-07-28 20_02_56,20201-3,body_state,站立,STANDING,standing,interval,两者,v3,224948.0,735302.0,510354.0,546C50CA01F1-20201-3,546C50CA01F1,hiv00203.mp4,single_annotator,True
EVT-00274,2026-07-28 20_02_56,20201-3,body_state,行走,WALKING,walking,interval,两者,v3,743747.0,758129.0,14382.0,546C50CA01F1-20201-3,546C50CA01F1,hiv00203.mp4,single_annotator,True
EVT-00275,2026-07-28 20_02_56,20201-3,posture_transition,卧倒过程,LYING_DOWN,lying down,interval,两者,v3,808512.0,822890.0,14378.0,546C50CA01F1-20201-3,546C50CA01F1,hiv00203.mp4,single_annotator,True
EVT-00276,2026-07-28 20_02_56,20201-3,body_state,躺卧,LYING,lying,interval,两者,v3,869185.0,882668.0,13483.0,546C50CA01F1-20201-3,546C50CA01F1,hiv00203.mp4,single_annotator,True
EVT-00277,2026-07-28 20_02_56,20201-3,body_state,躺卧,LYING,lying,interval,两者,v3,903050.0,1183594.0,280544.0,546C50CA01F1-20201-3,546C50CA01F1,hiv00203.mp4,single_annotator,True
EVT-00278,2026-07-28 20_02_56,20201-3,body_state,躺卧,LYING,lying,interval,两者,v3,1229072.0,1940447.0,711375.0,546C50CA01F1-20201-3,546C50CA01F1,hiv00203.mp4,single_annotator,True
EVT-00279,2026-07-28 20_02_56,20201-3,body_state,躺卧,LYING,lying,interval,两者,v3,2056271.0,2199273.0,143002.0,546C50CA01F1-20201-3,546C50CA01F1,hiv00203.mp4,single_annotator,True
EVT-00280,2026-07-28 20_02_56,20201-3,posture_transition,起立过程,STANDING_UP,standing up,interval,两者,v3,2202551.0,2215254.0,12703.0,546C50CA01F1-20201-3,546C50CA01F1,hiv00203.mp4,single_annotator,True
EVT-00281,2026-07-28 20_02_56,20201-3,body_state,站立,STANDING,standing,interval,两者,v3,2281432.0,2577900.0,296468.0,546C50CA01F1-20201-3,546C50CA01F1,hiv00203.mp4,single_annotator,True
EVT-00282,2026-07-28 20_02_56,20201-3,body_state,行走,WALKING,walking,interval,两者,v3,2580204.0,2606884.0,26680.0,546C50CA01F1-20201-3,546C50CA01F1,hiv00203.mp4,single_annotator,True
EVT-00283,2026-07-28 20_02_56,20201-3,body_state,站立,STANDING,standing,interval,两者,v3,2612424.0,2729953.0,117529.0,546C50CA01F1-20201-3,546C50CA01F1,hiv00203.mp4,single_annotator,True
EVT-00284,2026-07-28 20_02_56,20201-3,body_state,行走,WALKING,walking,interval,两者,v3,2737192.0,2745953.0,8761.0,546C50CA01F1-20201-3,546C50CA01F1,hiv00203.mp4,single_annotator,True
EVT-00285,2026-07-28 20_02_56,20201-3,tail_action,抬尾,TAIL_RAISED,tail raised,interval,两者,v3,2775965.0,2794926.0,18961.0,546C50CA01F1-20201-3,546C50CA01F1,hiv00203.mp4,single_annotator,True
EVT-00286,2026-07-28 20_02_56,20201-3,body_state,行走,WALKING,walking,interval,两者,v3,2800346.0,2816186.0,15840.0,546C50CA01F1-20201-3,546C50CA01F1,hiv00203.mp4,single_annotator,True
EVT-00287,2026-07-28 20_02_56,20201-3,body_state,采食,FEEDING,feeding,interval,两者,v3,2834841.0,3018201.0,183360.0,546C50CA01F1-20201-3,546C50CA01F1,hiv00203.mp4,single_annotator,True
EVT-00288,2026-07-28 20_02_56,20201-3,body_state,采食,FEEDING,feeding,interval,两者,v3,3036111.0,3326820.0,290709.0,546C50CA01F1-20201-3,546C50CA01F1,hiv00203.mp4,single_annotator,True
EVT-00289,2026-07-28 20_02_56,20201-3,body_state,采食,FEEDING,feeding,interval,两者,v3,3347280.0,3512977.0,165697.0,546C50CA01F1-20201-3,546C50CA01F1,hiv00203.mp4,single_annotator,True
EVT-00290,2026-07-28 20_02_56,20201-3,body_state,采食,FEEDING,feeding,interval,两者,v3,3542297.0,3592717.0,50420.0,546C50CA01F1-20201-3,546C50CA01F1,hiv00203.mp4,single_annotator,True
EVT-00291,2026-07-28 21_08_29,20201-3,body_state,行走,WALKING,walking,interval,两者,v3,487806.0,508429.0,20623.0,546C50CA01F1-20201-3,546C50CA01F1,hiv00211.mp4,single_annotator,True
EVT-00292,2026-07-28 21_08_29,20201-3,body_state,站立,STANDING,standing,interval,两者,v3,546760.0,733316.0,186556.0,546C50CA01F1-20201-3,546C50CA01F1,hiv00211.mp4,single_annotator,True
EVT-00293,2026-07-28 21_08_29,20201-3,body_state,行走,WALKING,walking,interval,两者,v3,740506.0,752606.0,12100.0,546C50CA01F1-20201-3,546C50CA01F1,hiv00211.mp4,single_annotator,True
EVT-00294,2026-07-28 21_08_29,20201-3,body_state,行走,WALKING,walking,interval,两者,v3,992452.0,1013700.0,21248.0,546C50CA01F1-20201-3,546C50CA01F1,hiv00211.mp4,single_annotator,True
EVT-00295,2026-07-28 21_08_29,20201-3,body_state,行走,WALKING,walking,interval,两者,v3,1201509.0,1227568.0,26059.0,546C50CA01F1-20201-3,546C50CA01F1,hiv00211.mp4,single_annotator,True
EVT-00296,2026-07-28 21_08_29,20201-3,body_state,采食,FEEDING,feeding,interval,两者,v3,2515352.0,2588652.0,73300.0,546C50CA01F1-20201-3,546C50CA01F1,hiv00211.mp4,single_annotator,True
EVT-00297,2026-07-28 21_08_29,20201-3,body_state,采食,FEEDING,feeding,interval,两者,v3,2785165.0,2825886.0,40721.0,546C50CA01F1-20201-3,546C50CA01F1,hiv00211.mp4,single_annotator,True
EVT-00298,2026-07-28 21_08_29,20201-3,body_state,行走,WALKING,walking,interval,两者,v3,2936068.0,2942120.0,6052.0,546C50CA01F1-20201-3,546C50CA01F1,hiv00211.mp4,single_annotator,True
EVT-00299,2026-07-28 21_08_29,20201-3,body_state,采食,FEEDING,feeding,interval,两者,v3,2964849.0,3183216.0,218367.0,546C50CA01F1-20201-3,546C50CA01F1,hiv00211.mp4,single_annotator,True
EVT-00300,2026-07-28 21_08_29,20201-3,objective_event,排便,DEFECATION,defecation,interval,两者,v3,3364228.0,3383825.0,19597.0,546C50CA01F1-20201-3,546C50CA01F1,hiv00211.mp4,single_annotator,True
EVT-00301,2026-07-28 21_08_29,20201-3,body_state,行走,WALKING,walking,interval,两者,v3,3451468.0,3459389.0,7921.0,546C50CA01F1-20201-3,546C50CA01F1,hiv00211.mp4,single_annotator,True
EVT-00302,2026-07-28 22_14_53,20201-3,body_state,行走,WALKING,walking,interval,两者,v3,89082.0,100961.0,11879.0,546C50CA01F1-20201-3,546C50CA01F1,hiv00221.mp4,single_annotator,True
EVT-00303,2026-07-28 22_14_53,20201-3,body_state,行走,WALKING,walking,interval,两者,v3,158934.0,176435.0,17501.0,546C50CA01F1-20201-3,546C50CA01F1,hiv00221.mp4,single_annotator,True
EVT-00304,2026-07-28 22_14_53,20201-3,body_state,行走,WALKING,walking,interval,两者,v3,290171.0,307462.0,17291.0,546C50CA01F1-20201-3,546C50CA01F1,hiv00221.mp4,single_annotator,True
EVT-00305,2026-07-28 22_14_53,20201-3,objective_event,排便,DEFECATION,defecation,interval,两者,v3,1986494.0,2025256.0,38762.0,546C50CA01F1-20201-3,546C50CA01F1,hiv00221.mp4,single_annotator,True
EVT-00306,2026-07-28 22_14_53,20201-3,body_state,站立,STANDING,standing,interval,两者,v3,2047823.0,2083793.0,35970.0,546C50CA01F1-20201-3,546C50CA01F1,hiv00221.mp4,single_annotator,True
EVT-00307,2026-07-28 22_14_53,20201-3,body_state,行走,WALKING,walking,interval,两者,v3,2086507.0,2092567.0,6060.0,546C50CA01F1-20201-3,546C50CA01F1,hiv00221.mp4,single_annotator,True
EVT-00308,2026-07-28 22_14_53,20201-3,body_state,行走,WALKING,walking,interval,两者,v3,2158619.0,2170712.0,12093.0,546C50CA01F1-20201-3,546C50CA01F1,hiv00221.mp4,single_annotator,True
EVT-00309,2026-07-28 22_14_53,20201-3,objective_event,排便,DEFECATION,defecation,interval,两者,v3,2177492.0,2198332.0,20840.0,546C50CA01F1-20201-3,546C50CA01F1,hiv00221.mp4,single_annotator,True
EVT-00310,2026-07-28 22_14_53,20201-3,body_state,行走,WALKING,walking,interval,两者,v3,2318709.0,2330389.0,11680.0,546C50CA01F1-20201-3,546C50CA01F1,hiv00221.mp4,single_annotator,True
EVT-00311,2026-07-28 22_14_53,20201-3,posture_transition,卧倒过程,LYING_DOWN,lying down,interval,两者,v3,2363100.0,2381240.0,18140.0,546C50CA01F1-20201-3,546C50CA01F1,hiv00221.mp4,single_annotator,True
EVT-00312,2026-07-28 22_14_53,20201-3,body_state,躺卧,LYING,lying,interval,两者,v3,2394002.0,2571130.0,177128.0,546C50CA01F1-20201-3,546C50CA01F1,hiv00221.mp4,single_annotator,True
EVT-00313,2026-07-28 22_14_53,20201-3,body_state,躺卧,LYING,lying,interval,两者,v3,2600423.0,3524175.0,923752.0,546C50CA01F1-20201-3,546C50CA01F1,hiv00221.mp4,single_annotator,True
EVT-00314,2026-07-28 22_14_53,20201-3,body_state,躺卧,LYING,lying,interval,两者,v3,3537103.0,3599850.0,62747.0,546C50CA01F1-20201-3,546C50CA01F1,hiv00221.mp4,single_annotator,True
EVT-00315,2026-07-28 23_20_42,20201-3,body_state,躺卧,LYING,lying,interval,两者,v3,0.0,530801.0,530801.0,546C50CA01F1-20201-3,546C50CA01F1,hiv00230.mp4,single_annotator,True
EVT-00316,2026-07-28 23_20_42,20201-3,body_state,躺卧,LYING,lying,interval,两者,v3,539580.0,726463.0,186883.0,546C50CA01F1-20201-3,546C50CA01F1,hiv00230.mp4,single_annotator,True
EVT-00317,2026-07-28 23_20_42,20201-3,body_state,躺卧,LYING,lying,interval,两者,v3,759713.0,1484768.0,725055.0,546C50CA01F1-20201-3,546C50CA01F1,hiv00230.mp4,single_annotator,True
EVT-00318,2026-07-28 23_20_42,20201-3,body_state,躺卧,LYING,lying,interval,两者,v3,1538417.0,2034286.0,495869.0,546C50CA01F1-20201-3,546C50CA01F1,hiv00230.mp4,single_annotator,True
EVT-00319,2026-07-28 23_20_42,20201-3,posture_transition,起立过程,STANDING_UP,standing up,interval,两者,v3,2043016.0,2059069.0,16053.0,546C50CA01F1-20201-3,546C50CA01F1,hiv00230.mp4,single_annotator,True
EVT-00320,2026-07-28 23_20_42,20201-3,body_state,站立,STANDING,standing,interval,两者,v3,2066360.0,2173022.0,106662.0,546C50CA01F1-20201-3,546C50CA01F1,hiv00230.mp4,single_annotator,True
EVT-00321,2026-07-28 23_20_42,20201-3,objective_event,排尿,URINATION,urination,interval,两者,v3,2175522.0,2218662.0,43140.0,546C50CA01F1-20201-3,546C50CA01F1,hiv00230.mp4,single_annotator,True
EVT-00322,2026-07-28 23_20_42,20201-3,objective_event,排便,DEFECATION,defecation,interval,两者,v3,2242224.0,2258884.0,16660.0,546C50CA01F1-20201-3,546C50CA01F1,hiv00230.mp4,single_annotator,True
EVT-00323,2026-07-28 23_20_42,20201-3,body_state,行走,WALKING,walking,interval,两者,v3,2258884.0,2276395.0,17511.0,546C50CA01F1-20201-3,546C50CA01F1,hiv00230.mp4,single_annotator,True
EVT-00324,2026-07-28 23_20_42,20201-3,body_state,站立,STANDING,standing,interval,两者,v3,2301981.0,2508425.0,206444.0,546C50CA01F1-20201-3,546C50CA01F1,hiv00230.mp4,single_annotator,True
EVT-00325,2026-07-28 23_20_42,20201-3,body_state,行走,WALKING,walking,interval,两者,v3,2513788.0,2540458.0,26670.0,546C50CA01F1-20201-3,546C50CA01F1,hiv00230.mp4,single_annotator,True
EVT-00326,2026-07-28 23_20_42,20201-3,body_state,行走,WALKING,walking,interval,两者,v3,2612980.0,2628818.0,15838.0,546C50CA01F1-20201-3,546C50CA01F1,hiv00230.mp4,single_annotator,True
EVT-00327,2026-07-28 23_20_42,20201-3,body_state,行走,WALKING,walking,interval,两者,v3,2634251.0,2639251.0,5000.0,546C50CA01F1-20201-3,546C50CA01F1,hiv00230.mp4,single_annotator,True
EVT-00328,2026-07-28 23_20_42,20201-3,body_state,站立,STANDING,standing,interval,两者,v3,2818273.0,3393115.0,574842.0,546C50CA01F1-20201-3,546C50CA01F1,hiv00230.mp4,single_annotator,True
EVT-00329,2026-07-28 23_20_42,20201-3,body_state,站立,STANDING,standing,interval,两者,v3,3407914.0,3599859.0,191945.0,546C50CA01F1-20201-3,546C50CA01F1,hiv00230.mp4,single_annotator,True
EVT-00330,2026-07-27 16_30_53,21074-1,body_state,采食,FEEDING,feeding,interval,两者,v3,908188.0,925626.0,17438.0,546C50CA07D0-21074-1,546C50CA07D0,hiv00005.mp4,single_annotator,True
EVT-00331,2026-07-27 16_30_53,21074-1,tail_action,甩尾,TAIL_WAGGING,tail wagging,interval,两者,v3,911178.0,915529.0,4351.0,546C50CA07D0-21074-1,546C50CA07D0,hiv00005.mp4,single_annotator,True
EVT-00332,2026-07-27 16_30_53,21074-1,tail_action,抬尾,TAIL_RAISED,tail raised,interval,两者,v3,919061.0,922094.0,3033.0,546C50CA07D0-21074-1,546C50CA07D0,hiv00005.mp4,single_annotator,True
EVT-00333,2026-07-27 16_30_53,21074-1,body_state,行走,WALKING,walking,interval,两者,v3,925626.0,927964.0,2338.0,546C50CA07D0-21074-1,546C50CA07D0,hiv00005.mp4,single_annotator,True
EVT-00334,2026-07-27 16_30_53,21074-1,body_state,站立,STANDING,standing,interval,两者,v3,927964.0,959980.0,32016.0,546C50CA07D0-21074-1,546C50CA07D0,hiv00005.mp4,single_annotator,True
EVT-00335,2026-07-27 16_30_53,21074-1,body_state,行走,WALKING,walking,interval,两者,v3,959980.0,983100.0,23120.0,546C50CA07D0-21074-1,546C50CA07D0,hiv00005.mp4,single_annotator,True
EVT-00336,2026-07-27 16_30_53,21074-1,body_state,站立,STANDING,standing,interval,两者,v3,983100.0,1005079.0,21979.0,546C50CA07D0-21074-1,546C50CA07D0,hiv00005.mp4,single_annotator,True
EVT-00337,2026-07-27 16_30_53,21074-1,body_state,行走,WALKING,walking,interval,两者,v3,1005079.0,1015534.0,10455.0,546C50CA07D0-21074-1,546C50CA07D0,hiv00005.mp4,single_annotator,True
EVT-00338,2026-07-27 16_30_53,21074-1,body_state,采食,FEEDING,feeding,interval,两者,v3,1015534.0,1298477.0,282943.0,546C50CA07D0-21074-1,546C50CA07D0,hiv00005.mp4,single_annotator,True
EVT-00339,2026-07-27 16_30_53,21074-1,body_state,行走,WALKING,walking,interval,两者,v3,1298477.0,1303415.0,4938.0,546C50CA07D0-21074-1,546C50CA07D0,hiv00005.mp4,single_annotator,True
EVT-00340,2026-07-27 16_30_53,21074-1,body_state,站立,STANDING,standing,interval,两者,v3,1303415.0,1396530.0,93115.0,546C50CA07D0-21074-1,546C50CA07D0,hiv00005.mp4,single_annotator,True
EVT-00341,2026-07-27 16_30_53,21074-1,body_state,行走,WALKING,walking,interval,两者,v3,1396530.0,1402780.0,6250.0,546C50CA07D0-21074-1,546C50CA07D0,hiv00005.mp4,single_annotator,True
EVT-00342,2026-07-27 16_30_53,21074-1,body_state,站立,STANDING,standing,interval,两者,v3,1402780.0,1417938.0,15158.0,546C50CA07D0-21074-1,546C50CA07D0,hiv00005.mp4,single_annotator,True
EVT-00343,2026-07-27 16_30_53,21074-1,body_state,行走,WALKING,walking,interval,两者,v3,1417938.0,1422718.0,4780.0,546C50CA07D0-21074-1,546C50CA07D0,hiv00005.mp4,single_annotator,True
EVT-00344,2026-07-27 16_30_53,21074-1,body_state,站立,STANDING,standing,interval,两者,v3,1422718.0,1431846.0,9128.0,546C50CA07D0-21074-1,546C50CA07D0,hiv00005.mp4,single_annotator,True
EVT-00345,2026-07-27 16_30_53,21074-1,body_state,行走,WALKING,walking,interval,两者,v3,1431846.0,1444261.0,12415.0,546C50CA07D0-21074-1,546C50CA07D0,hiv00005.mp4,single_annotator,True
EVT-00346,2026-07-27 16_30_53,21074-1,body_state,采食,FEEDING,feeding,interval,两者,v3,1444261.0,1915630.0,471369.0,546C50CA07D0-21074-1,546C50CA07D0,hiv00005.mp4,single_annotator,True
EVT-00347,2026-07-27 16_30_53,21074-1,body_state,行走,WALKING,walking,interval,两者,v3,2152499.0,2159865.0,7366.0,546C50CA07D0-21074-1,546C50CA07D0,hiv00005.mp4,single_annotator,True
EVT-00348,2026-07-27 16_30_53,21074-1,body_state,站立,STANDING,standing,interval,两者,v3,2159865.0,2279267.0,119402.0,546C50CA07D0-21074-1,546C50CA07D0,hiv00005.mp4,single_annotator,True
EVT-00349,2026-07-27 16_30_53,21074-1,body_state,行走,WALKING,walking,interval,两者,v3,2279267.0,2283344.0,4077.0,546C50CA07D0-21074-1,546C50CA07D0,hiv00005.mp4,single_annotator,True
EVT-00350,2026-07-27 16_30_53,21074-1,body_state,站立,STANDING,standing,interval,两者,v3,2283344.0,2326167.0,42823.0,546C50CA07D0-21074-1,546C50CA07D0,hiv00005.mp4,single_annotator,True
EVT-00351,2026-07-27 16_30_53,21074-1,body_state,行走,WALKING,walking,interval,两者,v3,2326167.0,2332176.0,6009.0,546C50CA07D0-21074-1,546C50CA07D0,hiv00005.mp4,single_annotator,True
EVT-00352,2026-07-27 16_30_53,21074-1,body_state,站立,STANDING,standing,interval,两者,v3,2332176.0,2413889.0,81713.0,546C50CA07D0-21074-1,546C50CA07D0,hiv00005.mp4,single_annotator,True
EVT-00353,2026-07-27 16_30_53,21074-1,body_state,行走,WALKING,walking,interval,两者,v3,2413889.0,2424786.0,10897.0,546C50CA07D0-21074-1,546C50CA07D0,hiv00005.mp4,single_annotator,True
EVT-00354,2026-07-27 16_30_53,21074-1,body_state,站立,STANDING,standing,interval,两者,v3,2424786.0,2494647.0,69861.0,546C50CA07D0-21074-1,546C50CA07D0,hiv00005.mp4,single_annotator,True
EVT-00355,2026-07-27 16_30_53,21074-1,body_state,行走,WALKING,walking,interval,两者,v3,2494647.0,2503420.0,8773.0,546C50CA07D0-21074-1,546C50CA07D0,hiv00005.mp4,single_annotator,True
EVT-00356,2026-07-27 16_30_53,21074-1,body_state,站立,STANDING,standing,interval,两者,v3,2503420.0,2509814.0,6394.0,546C50CA07D0-21074-1,546C50CA07D0,hiv00005.mp4,single_annotator,True
EVT-00357,2026-07-27 16_30_53,21074-1,body_state,行走,WALKING,walking,interval,两者,v3,2509814.0,2513043.0,3229.0,546C50CA07D0-21074-1,546C50CA07D0,hiv00005.mp4,single_annotator,True
EVT-00358,2026-07-27 16_30_53,21074-1,body_state,站立,STANDING,standing,interval,两者,v3,2513043.0,2603188.0,90145.0,546C50CA07D0-21074-1,546C50CA07D0,hiv00005.mp4,single_annotator,True
EVT-00359,2026-07-27 16_30_53,21074-1,body_state,行走,WALKING,walking,interval,两者,v3,2603188.0,2617084.0,13896.0,546C50CA07D0-21074-1,546C50CA07D0,hiv00005.mp4,single_annotator,True
EVT-00360,2026-07-27 16_30_53,21074-1,body_state,采食,FEEDING,feeding,interval,两者,v3,2617084.0,2691134.0,74050.0,546C50CA07D0-21074-1,546C50CA07D0,hiv00005.mp4,single_annotator,True
EVT-00361,2026-07-27 16_30_53,21074-1,body_state,行走,WALKING,walking,interval,两者,v3,2691134.0,2708078.0,16944.0,546C50CA07D0-21074-1,546C50CA07D0,hiv00005.mp4,single_annotator,True
EVT-00362,2026-07-27 16_30_53,21074-1,body_state,站立,STANDING,standing,interval,两者,v3,2708078.0,2821193.0,113115.0,546C50CA07D0-21074-1,546C50CA07D0,hiv00005.mp4,single_annotator,True
EVT-00363,2026-07-27 16_30_53,21074-1,body_state,行走,WALKING,walking,interval,两者,v3,2821193.0,2835992.0,14799.0,546C50CA07D0-21074-1,546C50CA07D0,hiv00005.mp4,single_annotator,True
EVT-00364,2026-07-27 16_30_53,21074-1,body_state,站立,STANDING,standing,interval,两者,v3,2835992.0,2949659.0,113667.0,546C50CA07D0-21074-1,546C50CA07D0,hiv00005.mp4,single_annotator,True
EVT-00365,2026-07-27 16_30_53,21074-1,body_state,行走,WALKING,walking,interval,两者,v3,2949659.0,2963337.0,13678.0,546C50CA07D0-21074-1,546C50CA07D0,hiv00005.mp4,single_annotator,True
EVT-00366,2026-07-27 16_30_53,21074-1,body_state,站立,STANDING,standing,interval,两者,v3,2963337.0,2970733.0,7396.0,546C50CA07D0-21074-1,546C50CA07D0,hiv00005.mp4,single_annotator,True
EVT-00367,2026-07-27 16_30_53,21074-1,body_state,站立,STANDING,standing,interval,两者,v3,2970733.0,3020567.0,49834.0,546C50CA07D0-21074-1,546C50CA07D0,hiv00005.mp4,single_annotator,True
EVT-00368,2026-07-27 16_30_53,21074-1,body_state,行走,WALKING,walking,interval,两者,v3,3020567.0,3029826.0,9259.0,546C50CA07D0-21074-1,546C50CA07D0,hiv00005.mp4,single_annotator,True
EVT-00369,2026-07-27 16_30_53,21074-1,body_state,站立,STANDING,standing,interval,两者,v3,3029826.0,3050286.0,20460.0,546C50CA07D0-21074-1,546C50CA07D0,hiv00005.mp4,single_annotator,True
EVT-00370,2026-07-27 16_30_53,21074-1,body_state,行走,WALKING,walking,interval,两者,v3,3050286.0,3066112.0,15826.0,546C50CA07D0-21074-1,546C50CA07D0,hiv00005.mp4,single_annotator,True
EVT-00371,2026-07-27 16_30_53,21074-1,body_state,站立,STANDING,standing,interval,两者,v3,3066112.0,3128998.0,62886.0,546C50CA07D0-21074-1,546C50CA07D0,hiv00005.mp4,single_annotator,True
EVT-00372,2026-07-27 16_30_53,21074-1,posture_transition,卧倒过程,LYING_DOWN,lying down,interval,两者,v3,3124635.0,3139822.0,15187.0,546C50CA07D0-21074-1,546C50CA07D0,hiv00005.mp4,single_annotator,True
EVT-00373,2026-07-27 16_30_53,21074-1,body_state,躺卧,LYING,lying,interval,两者,v3,3128998.0,3599927.0,470929.0,546C50CA07D0-21074-1,546C50CA07D0,hiv00005.mp4,single_annotator,True
EVT-00374,2026-07-27 17_37_11,21074-1,body_state,躺卧,LYING,lying,interval,两者,v3,0.0,50592.0,50592.0,546C50CA07D0-21074-1,546C50CA07D0,hiv00011.mp4,single_annotator,True
EVT-00375,2026-07-27 17_37_11,21074-1,body_state,躺卧,LYING,lying,interval,两者,v3,52741.0,1290142.0,1237401.0,546C50CA07D0-21074-1,546C50CA07D0,hiv00011.mp4,single_annotator,True
EVT-00376,2026-07-27 17_37_11,21074-1,body_state,躺卧,LYING,lying,interval,两者,v3,1292155.0,2604185.0,1312030.0,546C50CA07D0-21074-1,546C50CA07D0,hiv00011.mp4,single_annotator,True
EVT-00377,2026-07-27 17_37_11,21074-1,body_state,躺卧,LYING,lying,interval,两者,v3,2606007.0,3599856.0,993849.0,546C50CA07D0-21074-1,546C50CA07D0,hiv00011.mp4,single_annotator,True
EVT-00378,2026-07-27 18_43_20,21074-1,body_state,躺卧,LYING,lying,interval,两者,v3,0.0,122488.0,122488.0,546C50CA07D0-21074-1,546C50CA07D0,hiv00019.mp4,single_annotator,True
EVT-00379,2026-07-27 18_43_20,21074-1,body_state,躺卧,LYING,lying,interval,两者,v3,123141.0,1084610.0,961469.0,546C50CA07D0-21074-1,546C50CA07D0,hiv00019.mp4,single_annotator,True
EVT-00380,2026-07-27 18_43_20,21074-1,body_state,躺卧,LYING,lying,interval,两者,v3,1086621.0,1236123.0,149502.0,546C50CA07D0-21074-1,546C50CA07D0,hiv00019.mp4,single_annotator,True
EVT-00381,2026-07-27 18_43_20,21074-1,posture_transition,起立过程,STANDING_UP,standing up,interval,两者,v3,1218468.0,1251728.0,33260.0,546C50CA07D0-21074-1,546C50CA07D0,hiv00019.mp4,single_annotator,True
EVT-00382,2026-07-27 18_43_20,21074-1,body_state,站立,STANDING,standing,interval,两者,v3,1249453.0,1448997.0,199544.0,546C50CA07D0-21074-1,546C50CA07D0,hiv00019.mp4,single_annotator,True
EVT-00383,2026-07-27 18_43_20,21074-1,body_state,行走,WALKING,walking,interval,两者,v3,1448997.0,1500122.0,51125.0,546C50CA07D0-21074-1,546C50CA07D0,hiv00019.mp4,single_annotator,True
EVT-00384,2026-07-27 18_43_20,21074-1,body_state,站立,STANDING,standing,interval,两者,v3,1500122.0,1665091.0,164969.0,546C50CA07D0-21074-1,546C50CA07D0,hiv00019.mp4,single_annotator,True
EVT-00385,2026-07-27 18_43_20,21074-1,body_state,行走,WALKING,walking,interval,两者,v3,1665091.0,1671520.0,6429.0,546C50CA07D0-21074-1,546C50CA07D0,hiv00019.mp4,single_annotator,True
EVT-00386,2026-07-27 18_43_20,21074-1,body_state,站立,STANDING,standing,interval,两者,v3,1672242.0,1701512.0,29270.0,546C50CA07D0-21074-1,546C50CA07D0,hiv00019.mp4,single_annotator,True
EVT-00387,2026-07-27 18_43_20,21074-1,body_state,行走,WALKING,walking,interval,两者,v3,1701512.0,1707662.0,6150.0,546C50CA07D0-21074-1,546C50CA07D0,hiv00019.mp4,single_annotator,True
EVT-00388,2026-07-27 18_43_20,21074-1,body_state,站立,STANDING,standing,interval,两者,v3,1707662.0,1779361.0,71699.0,546C50CA07D0-21074-1,546C50CA07D0,hiv00019.mp4,single_annotator,True
EVT-00389,2026-07-27 18_43_20,21074-1,body_state,行走,WALKING,walking,interval,两者,v3,1779361.0,1787482.0,8121.0,546C50CA07D0-21074-1,546C50CA07D0,hiv00019.mp4,single_annotator,True
EVT-00390,2026-07-27 18_43_20,21074-1,body_state,站立,STANDING,standing,interval,两者,v3,1787482.0,1865271.0,77789.0,546C50CA07D0-21074-1,546C50CA07D0,hiv00019.mp4,single_annotator,True
EVT-00391,2026-07-27 18_43_20,21074-1,tail_action,甩尾,TAIL_WAGGING,tail wagging,interval,两者,v3,1800178.0,1815942.0,15764.0,546C50CA07D0-21074-1,546C50CA07D0,hiv00019.mp4,single_annotator,True
EVT-00392,2026-07-27 18_43_20,21074-1,body_state,行走,WALKING,walking,interval,两者,v3,1865271.0,1877335.0,12064.0,546C50CA07D0-21074-1,546C50CA07D0,hiv00019.mp4,single_annotator,True
EVT-00393,2026-07-27 18_43_20,21074-1,body_state,站立,STANDING,standing,interval,两者,v3,1877335.0,1893805.0,16470.0,546C50CA07D0-21074-1,546C50CA07D0,hiv00019.mp4,single_annotator,True
EVT-00394,2026-07-27 18_43_20,21074-1,body_state,行走,WALKING,walking,interval,两者,v3,1893836.0,1901190.0,7354.0,546C50CA07D0-21074-1,546C50CA07D0,hiv00019.mp4,single_annotator,True
EVT-00395,2026-07-27 18_43_20,21074-1,body_state,采食,FEEDING,feeding,interval,两者,v3,1901190.0,2000306.0,99116.0,546C50CA07D0-21074-1,546C50CA07D0,hiv00019.mp4,single_annotator,True
EVT-00396,2026-07-27 18_43_20,21074-1,body_state,采食,FEEDING,feeding,interval,两者,v3,2042444.0,2045035.0,2591.0,546C50CA07D0-21074-1,546C50CA07D0,hiv00019.mp4,single_annotator,True
EVT-00397,2026-07-27 18_43_20,21074-1,body_state,采食,FEEDING,feeding,interval,两者,v3,2060233.0,2217637.0,157404.0,546C50CA07D0-21074-1,546C50CA07D0,hiv00019.mp4,single_annotator,True
EVT-00398,2026-07-27 18_43_20,21074-1,body_state,采食,FEEDING,feeding,interval,两者,v3,2239525.0,2361548.0,122023.0,546C50CA07D0-21074-1,546C50CA07D0,hiv00019.mp4,single_annotator,True
EVT-00399,2026-07-27 18_43_20,21074-1,tail_action,甩尾,TAIL_WAGGING,tail wagging,interval,两者,v3,2360446.0,2374857.0,14411.0,546C50CA07D0-21074-1,546C50CA07D0,hiv00019.mp4,single_annotator,True
EVT-00400,2026-07-27 18_43_20,21074-1,body_state,采食,FEEDING,feeding,interval,两者,v3,2374125.0,2878038.0,503913.0,546C50CA07D0-21074-1,546C50CA07D0,hiv00019.mp4,single_annotator,True
EVT-00401,2026-07-27 18_43_20,21074-1,body_state,站立,STANDING,standing,interval,两者,v3,2893370.0,2904622.0,11252.0,546C50CA07D0-21074-1,546C50CA07D0,hiv00019.mp4,single_annotator,True
EVT-00402,2026-07-27 18_43_20,21074-1,body_state,行走,WALKING,walking,interval,两者,v3,2914010.0,2925475.0,11465.0,546C50CA07D0-21074-1,546C50CA07D0,hiv00019.mp4,single_annotator,True
EVT-00403,2026-07-27 18_43_20,21074-1,body_state,站立,STANDING,standing,interval,两者,v3,2925475.0,2966839.0,41364.0,546C50CA07D0-21074-1,546C50CA07D0,hiv00019.mp4,single_annotator,True
EVT-00404,2026-07-27 18_43_20,21074-1,body_state,行走,WALKING,walking,interval,两者,v3,2969498.0,2977139.0,7641.0,546C50CA07D0-21074-1,546C50CA07D0,hiv00019.mp4,single_annotator,True
EVT-00405,2026-07-27 18_43_20,21074-1,body_state,站立,STANDING,standing,interval,两者,v3,2977139.0,2998022.0,20883.0,546C50CA07D0-21074-1,546C50CA07D0,hiv00019.mp4,single_annotator,True
EVT-00406,2026-07-27 18_43_20,21074-1,body_state,站立,STANDING,standing,interval,两者,v3,2999964.0,3005339.0,5375.0,546C50CA07D0-21074-1,546C50CA07D0,hiv00019.mp4,single_annotator,True
EVT-00407,2026-07-27 18_43_20,21074-1,body_state,行走,WALKING,walking,interval,两者,v3,3005339.0,3009511.0,4172.0,546C50CA07D0-21074-1,546C50CA07D0,hiv00019.mp4,single_annotator,True
EVT-00408,2026-07-27 18_43_20,21074-1,body_state,站立,STANDING,standing,interval,两者,v3,3009511.0,3014325.0,4814.0,546C50CA07D0-21074-1,546C50CA07D0,hiv00019.mp4,single_annotator,True
EVT-00409,2026-07-27 18_43_20,21074-1,body_state,行走,WALKING,walking,interval,两者,v3,3014325.0,3018129.0,3804.0,546C50CA07D0-21074-1,546C50CA07D0,hiv00019.mp4,single_annotator,True
EVT-00410,2026-07-27 18_43_20,21074-1,body_state,站立,STANDING,standing,interval,两者,v3,3018129.0,3063531.0,45402.0,546C50CA07D0-21074-1,546C50CA07D0,hiv00019.mp4,single_annotator,True
EVT-00411,2026-07-27 18_43_20,21074-1,body_state,采食,FEEDING,feeding,interval,两者,v3,3063531.0,3462637.0,399106.0,546C50CA07D0-21074-1,546C50CA07D0,hiv00019.mp4,single_annotator,True
EVT-00412,2026-07-27 18_43_20,21074-1,body_state,站立,STANDING,standing,interval,两者,v3,3467609.0,3469971.0,2362.0,546C50CA07D0-21074-1,546C50CA07D0,hiv00019.mp4,single_annotator,True
EVT-00413,2026-07-27 18_43_20,21074-1,body_state,行走,WALKING,walking,interval,两者,v3,3470769.0,3481846.0,11077.0,546C50CA07D0-21074-1,546C50CA07D0,hiv00019.mp4,single_annotator,True
EVT-00414,2026-07-27 18_43_20,21074-1,body_state,站立,STANDING,standing,interval,两者,v3,3481846.0,3599852.0,118006.0,546C50CA07D0-21074-1,546C50CA07D0,hiv00019.mp4,single_annotator,True
EVT-00415,2026-07-27 19_54_10,21074-1,body_state,站立,STANDING,standing,interval,两者,v3,0.0,467126.0,467126.0,546C50CA07D0-21074-1,546C50CA07D0,hiv00029.mp4,single_annotator,True
EVT-00416,2026-07-27 19_54_10,21074-1,posture_transition,卧倒过程,LYING_DOWN,lying down,interval,两者,v3,533971.0,539189.0,5218.0,546C50CA07D0-21074-1,546C50CA07D0,hiv00029.mp4,single_annotator,True
EVT-00417,2026-07-27 19_54_10,21074-1,body_state,躺卧,LYING,lying,interval,两者,v3,540669.0,657845.0,117176.0,546C50CA07D0-21074-1,546C50CA07D0,hiv00029.mp4,single_annotator,True
EVT-00418,2026-07-27 19_54_10,21074-1,body_state,躺卧,LYING,lying,interval,两者,v3,661221.0,1614131.0,952910.0,546C50CA07D0-21074-1,546C50CA07D0,hiv00029.mp4,single_annotator,True
EVT-00419,2026-07-27 19_54_10,21074-1,body_state,躺卧,LYING,lying,interval,两者,v3,1617156.0,2568147.0,950991.0,546C50CA07D0-21074-1,546C50CA07D0,hiv00029.mp4,single_annotator,True
EVT-00420,2026-07-27 19_54_10,21074-1,posture_transition,起立过程,STANDING_UP,standing up,interval,两者,v3,2713391.0,2737037.0,23646.0,546C50CA07D0-21074-1,546C50CA07D0,hiv00029.mp4,single_annotator,True
EVT-00421,2026-07-27 19_54_10,21074-1,body_state,站立,STANDING,standing,interval,两者,v3,2743515.0,2946655.0,203140.0,546C50CA07D0-21074-1,546C50CA07D0,hiv00029.mp4,single_annotator,True
EVT-00422,2026-07-27 19_54_10,21074-1,body_state,站立,STANDING,standing,interval,两者,v3,2964353.0,2994988.0,30635.0,546C50CA07D0-21074-1,546C50CA07D0,hiv00029.mp4,single_annotator,True
EVT-00423,2026-07-27 19_54_10,21074-1,objective_event,排尿,URINATION,urination,interval,两者,v3,3003378.0,3033725.0,30347.0,546C50CA07D0-21074-1,546C50CA07D0,hiv00029.mp4,single_annotator,True
EVT-00424,2026-07-27 19_54_10,21074-1,tail_action,抬尾,TAIL_RAISED,tail raised,interval,两者,v3,3067431.0,3084420.0,16989.0,546C50CA07D0-21074-1,546C50CA07D0,hiv00029.mp4,single_annotator,True
EVT-00425,2026-07-27 19_54_10,21074-1,body_state,站立,STANDING,standing,interval,两者,v3,3102150.0,3125371.0,23221.0,546C50CA07D0-21074-1,546C50CA07D0,hiv00029.mp4,single_annotator,True
EVT-00426,2026-07-27 19_54_10,21074-1,tail_action,甩尾,TAIL_WAGGING,tail wagging,interval,两者,v3,3122381.0,3125008.0,2627.0,546C50CA07D0-21074-1,546C50CA07D0,hiv00029.mp4,single_annotator,True
EVT-00427,2026-07-27 19_54_10,21074-1,body_state,行走,WALKING,walking,interval,两者,v3,3134662.0,3149951.0,15289.0,546C50CA07D0-21074-1,546C50CA07D0,hiv00029.mp4,single_annotator,True
EVT-00428,2026-07-27 19_54_10,21074-1,body_state,站立,STANDING,standing,interval,两者,v3,3149951.0,3176093.0,26142.0,546C50CA07D0-21074-1,546C50CA07D0,hiv00029.mp4,single_annotator,True
EVT-00429,2026-07-27 19_54_10,21074-1,body_state,行走,WALKING,walking,interval,两者,v3,3176093.0,3183395.0,7302.0,546C50CA07D0-21074-1,546C50CA07D0,hiv00029.mp4,single_annotator,True
EVT-00430,2026-07-27 19_54_10,21074-1,body_state,站立,STANDING,standing,interval,两者,v3,3183395.0,3278573.0,95178.0,546C50CA07D0-21074-1,546C50CA07D0,hiv00029.mp4,single_annotator,True
EVT-00431,2026-07-27 19_54_10,21074-1,body_state,站立,STANDING,standing,interval,两者,v3,3320243.0,3411174.0,90931.0,546C50CA07D0-21074-1,546C50CA07D0,hiv00029.mp4,single_annotator,True
EVT-00432,2026-07-27 19_54_10,21074-1,body_state,站立,STANDING,standing,interval,两者,v3,3462760.0,3482756.0,19996.0,546C50CA07D0-21074-1,546C50CA07D0,hiv00029.mp4,single_annotator,True
EVT-00433,2026-07-27 19_54_10,21074-1,body_state,行走,WALKING,walking,interval,两者,v3,3494451.0,3514505.0,20054.0,546C50CA07D0-21074-1,546C50CA07D0,hiv00029.mp4,single_annotator,True
EVT-00434,2026-07-27 19_54_10,21074-1,body_state,站立,STANDING,standing,interval,两者,v3,3521904.0,3522116.0,212.0,546C50CA07D0-21074-1,546C50CA07D0,hiv00029.mp4,single_annotator,True
EVT-00435,2026-07-27 19_54_10,21074-1,body_state,站立,STANDING,standing,interval,两者,v3,3522529.0,3599933.0,77404.0,546C50CA07D0-21074-1,546C50CA07D0,hiv00029.mp4,single_annotator,True
EVT-00436,2026-07-27 21_00_29,21074-1,body_state,站立,STANDING,standing,interval,两者,v3,0.0,495670.0,495670.0,546C50CA07D0-21074-1,546C50CA07D0,hiv00038.mp4,single_annotator,True
EVT-00437,2026-07-27 21_00_29,21074-1,body_state,站立,STANDING,standing,interval,两者,v3,497452.0,1428793.0,931341.0,546C50CA07D0-21074-1,546C50CA07D0,hiv00038.mp4,single_annotator,True
EVT-00438,2026-07-27 21_00_29,21074-1,body_state,站立,STANDING,standing,interval,两者,v3,1454189.0,1456695.0,2506.0,546C50CA07D0-21074-1,546C50CA07D0,hiv00038.mp4,single_annotator,True
EVT-00439,2026-07-27 21_00_29,21074-1,body_state,站立,STANDING,standing,interval,两者,v3,1529014.0,1835908.0,306894.0,546C50CA07D0-21074-1,546C50CA07D0,hiv00038.mp4,single_annotator,True
EVT-00440,2026-07-27 21_00_29,21074-1,body_state,行走,WALKING,walking,interval,两者,v3,3176549.0,3188351.0,11802.0,546C50CA07D0-21074-1,546C50CA07D0,hiv00038.mp4,single_annotator,True
EVT-00441,2026-07-27 21_00_29,21074-1,body_state,站立,STANDING,standing,interval,两者,v3,3188351.0,3200920.0,12569.0,546C50CA07D0-21074-1,546C50CA07D0,hiv00038.mp4,single_annotator,True
EVT-00442,2026-07-27 21_00_29,21074-1,body_state,行走,WALKING,walking,interval,两者,v3,3200920.0,3212215.0,11295.0,546C50CA07D0-21074-1,546C50CA07D0,hiv00038.mp4,single_annotator,True
EVT-00443,2026-07-27 21_00_29,21074-1,body_state,站立,STANDING,standing,interval,两者,v3,3212215.0,3356845.0,144630.0,546C50CA07D0-21074-1,546C50CA07D0,hiv00038.mp4,single_annotator,True
EVT-00444,2026-07-27 21_00_29,21074-1,body_state,站立,STANDING,standing,interval,两者,v3,3384603.0,3454594.0,69991.0,546C50CA07D0-21074-1,546C50CA07D0,hiv00038.mp4,single_annotator,True
EVT-00445,2026-07-27 21_00_29,21074-1,body_state,站立,STANDING,standing,interval,两者,v3,3466867.0,3507828.0,40961.0,546C50CA07D0-21074-1,546C50CA07D0,hiv00038.mp4,single_annotator,True
EVT-00446,2026-07-27 21_00_29,21074-1,body_state,行走,WALKING,walking,interval,两者,v3,3540966.0,3563997.0,23031.0,546C50CA07D0-21074-1,546C50CA07D0,hiv00038.mp4,single_annotator,True
EVT-00447,2026-07-27 21_00_29,21074-1,body_state,站立,STANDING,standing,interval,两者,v3,3563997.0,3599982.0,35985.0,546C50CA07D0-21074-1,546C50CA07D0,hiv00038.mp4,single_annotator,True
EVT-00448,2026-07-27 22_06_57,21074-1,body_state,站立,STANDING,standing,interval,两者,v3,0.0,145196.0,145196.0,546C50CA07D0-21074-1,546C50CA07D0,hiv00046.mp4,single_annotator,True
EVT-00449,2026-07-27 22_06_57,21074-1,objective_event,排尿,URINATION,urination,interval,两者,v3,152757.0,171418.0,18661.0,546C50CA07D0-21074-1,546C50CA07D0,hiv00046.mp4,single_annotator,True
EVT-00450,2026-07-27 22_06_57,21074-1,body_state,站立,STANDING,standing,interval,两者,v3,206462.0,359032.0,152570.0,546C50CA07D0-21074-1,546C50CA07D0,hiv00046.mp4,single_annotator,True
EVT-00451,2026-07-27 22_06_57,21074-1,body_state,站立,STANDING,standing,interval,两者,v3,360030.0,550258.0,190228.0,546C50CA07D0-21074-1,546C50CA07D0,hiv00046.mp4,single_annotator,True
EVT-00452,2026-07-27 22_06_57,21074-1,posture_transition,卧倒过程,LYING_DOWN,lying down,interval,两者,v3,608533.0,614646.0,6113.0,546C50CA07D0-21074-1,546C50CA07D0,hiv00046.mp4,single_annotator,True
EVT-00453,2026-07-27 22_06_57,21074-1,body_state,躺卧,LYING,lying,interval,两者,v3,619862.0,1313220.0,693358.0,546C50CA07D0-21074-1,546C50CA07D0,hiv00046.mp4,single_annotator,True
EVT-00454,2026-07-27 22_06_57,21074-1,body_state,躺卧,LYING,lying,interval,两者,v3,1314451.0,2268898.0,954447.0,546C50CA07D0-21074-1,546C50CA07D0,hiv00046.mp4,single_annotator,True
EVT-00455,2026-07-27 22_06_57,21074-1,body_state,躺卧,LYING,lying,interval,两者,v3,2470086.0,3222060.0,751974.0,546C50CA07D0-21074-1,546C50CA07D0,hiv00046.mp4,single_annotator,True
EVT-00456,2026-07-27 22_06_57,21074-1,body_state,躺卧,LYING,lying,interval,两者,v3,3223057.0,3367115.0,144058.0,546C50CA07D0-21074-1,546C50CA07D0,hiv00046.mp4,single_annotator,True
EVT-00457,2026-07-27 22_06_57,21074-1,body_state,躺卧,LYING,lying,interval,两者,v3,3383238.0,3599973.0,216735.0,546C50CA07D0-21074-1,546C50CA07D0,hiv00046.mp4,single_annotator,True
EVT-00458,2026-07-27 23_14_03,21074-1,body_state,躺卧,LYING,lying,interval,两者,v3,0.0,153934.0,153934.0,546C50CA07D0-21074-1,546C50CA07D0,hiv00054.mp4,single_annotator,True
EVT-00459,2026-07-27 23_14_03,21074-1,body_state,躺卧,LYING,lying,interval,两者,v3,156970.0,1114485.0,957515.0,546C50CA07D0-21074-1,546C50CA07D0,hiv00054.mp4,single_annotator,True
EVT-00460,2026-07-27 23_14_03,21074-1,body_state,躺卧,LYING,lying,interval,两者,v3,1116258.0,2074285.0,958027.0,546C50CA07D0-21074-1,546C50CA07D0,hiv00054.mp4,single_annotator,True
EVT-00461,2026-07-27 23_14_03,21074-1,body_state,躺卧,LYING,lying,interval,两者,v3,2075598.0,2304700.0,229102.0,546C50CA07D0-21074-1,546C50CA07D0,hiv00054.mp4,single_annotator,True
EVT-00462,2026-07-27 23_14_03,21074-1,posture_transition,起立过程,STANDING_UP,standing up,interval,两者,v3,2315357.0,2330081.0,14724.0,546C50CA07D0-21074-1,546C50CA07D0,hiv00054.mp4,single_annotator,True
EVT-00463,2026-07-27 23_14_03,21074-1,body_state,站立,STANDING,standing,interval,两者,v3,2382162.0,2550583.0,168421.0,546C50CA07D0-21074-1,546C50CA07D0,hiv00054.mp4,single_annotator,True
EVT-00464,2026-07-27 23_14_03,21074-1,body_state,站立,STANDING,standing,interval,两者,v3,2629344.0,2708265.0,78921.0,546C50CA07D0-21074-1,546C50CA07D0,hiv00054.mp4,single_annotator,True
EVT-00465,2026-07-27 23_14_03,21074-1,body_state,行走,WALKING,walking,interval,两者,v3,2733407.0,2745434.0,12027.0,546C50CA07D0-21074-1,546C50CA07D0,hiv00054.mp4,single_annotator,True
EVT-00466,2026-07-27 23_14_03,21074-1,body_state,站立,STANDING,standing,interval,两者,v3,2745434.0,2760344.0,14910.0,546C50CA07D0-21074-1,546C50CA07D0,hiv00054.mp4,single_annotator,True
EVT-00467,2026-07-27 23_14_03,21074-1,body_state,行走,WALKING,walking,interval,两者,v3,2760344.0,2783176.0,22832.0,546C50CA07D0-21074-1,546C50CA07D0,hiv00054.mp4,single_annotator,True
EVT-00468,2026-07-27 23_14_03,21074-1,body_state,站立,STANDING,standing,interval,两者,v3,2783176.0,2816758.0,33582.0,546C50CA07D0-21074-1,546C50CA07D0,hiv00054.mp4,single_annotator,True
EVT-00469,2026-07-27 23_14_03,21074-1,body_state,站立,STANDING,standing,interval,两者,v3,2824510.0,2865733.0,41223.0,546C50CA07D0-21074-1,546C50CA07D0,hiv00054.mp4,single_annotator,True
EVT-00470,2026-07-27 23_14_03,21074-1,body_state,行走,WALKING,walking,interval,两者,v3,2871225.0,2908417.0,37192.0,546C50CA07D0-21074-1,546C50CA07D0,hiv00054.mp4,single_annotator,True
EVT-00471,2026-07-27 23_14_03,21074-1,body_state,站立,STANDING,standing,interval,两者,v3,2911765.0,2920168.0,8403.0,546C50CA07D0-21074-1,546C50CA07D0,hiv00054.mp4,single_annotator,True
EVT-00472,2026-07-27 23_14_03,21074-1,body_state,采食,FEEDING,feeding,interval,两者,v3,3032065.0,3271242.0,239177.0,546C50CA07D0-21074-1,546C50CA07D0,hiv00054.mp4,single_annotator,True
EVT-00473,2026-07-27 23_14_03,21074-1,body_state,采食,FEEDING,feeding,interval,两者,v3,3301490.0,3503141.0,201651.0,546C50CA07D0-21074-1,546C50CA07D0,hiv00054.mp4,single_annotator,True
EVT-00474,2026-07-27 23_14_03,21074-1,body_state,采食,FEEDING,feeding,interval,两者,v3,3534527.0,3599974.0,65447.0,546C50CA07D0-21074-1,546C50CA07D0,hiv00054.mp4,single_annotator,True
EVT-00475,2026-07-28 00_20_23,21074-1,body_state,采食,FEEDING,feeding,interval,两者,v3,0.0,9639.0,9639.0,546C50CA07D0-21074-1,546C50CA07D0,hiv00062.mp4,single_annotator,True
EVT-00476,2026-07-28 00_20_23,21074-1,body_state,采食,FEEDING,feeding,interval,两者,v3,10259.0,963139.0,952880.0,546C50CA07D0-21074-1,546C50CA07D0,hiv00062.mp4,single_annotator,True
EVT-00477,2026-07-28 00_20_23,21074-1,body_state,采食,FEEDING,feeding,interval,两者,v3,964689.0,1322160.0,357471.0,546C50CA07D0-21074-1,546C50CA07D0,hiv00062.mp4,single_annotator,True
EVT-00478,2026-07-28 00_20_23,21074-1,body_state,行走,WALKING,walking,interval,两者,v3,1368114.0,1375769.0,7655.0,546C50CA07D0-21074-1,546C50CA07D0,hiv00062.mp4,single_annotator,True
EVT-00479,2026-07-28 00_20_23,21074-1,body_state,站立,STANDING,standing,interval,两者,v3,1378519.0,1396041.0,17522.0,546C50CA07D0-21074-1,546C50CA07D0,hiv00062.mp4,single_annotator,True
EVT-00480,2026-07-28 00_20_23,21074-1,body_state,行走,WALKING,walking,interval,两者,v3,1398218.0,1419279.0,21061.0,546C50CA07D0-21074-1,546C50CA07D0,hiv00062.mp4,single_annotator,True
EVT-00481,2026-07-28 00_20_23,21074-1,body_state,站立,STANDING,standing,interval,两者,v3,1429667.0,1455619.0,25952.0,546C50CA07D0-21074-1,546C50CA07D0,hiv00062.mp4,single_annotator,True
EVT-00482,2026-07-28 00_20_23,21074-1,body_state,行走,WALKING,walking,interval,两者,v3,1455619.0,1463955.0,8336.0,546C50CA07D0-21074-1,546C50CA07D0,hiv00062.mp4,single_annotator,True
EVT-00483,2026-07-28 00_20_23,21074-1,body_state,站立,STANDING,standing,interval,两者,v3,1463955.0,1515915.0,51960.0,546C50CA07D0-21074-1,546C50CA07D0,hiv00062.mp4,single_annotator,True
EVT-00484,2026-07-28 00_20_23,21074-1,body_state,行走,WALKING,walking,interval,两者,v3,1526849.0,1547939.0,21090.0,546C50CA07D0-21074-1,546C50CA07D0,hiv00062.mp4,single_annotator,True
EVT-00485,2026-07-28 00_20_23,21074-1,body_state,站立,STANDING,standing,interval,两者,v3,1557319.0,1712386.0,155067.0,546C50CA07D0-21074-1,546C50CA07D0,hiv00062.mp4,single_annotator,True
EVT-00486,2026-07-28 00_20_23,21074-1,body_state,站立,STANDING,standing,interval,两者,v3,1725448.0,1822728.0,97280.0,546C50CA07D0-21074-1,546C50CA07D0,hiv00062.mp4,single_annotator,True
EVT-00487,2026-07-28 00_20_23,21074-1,body_state,站立,STANDING,standing,interval,两者,v3,1849777.0,1918333.0,68556.0,546C50CA07D0-21074-1,546C50CA07D0,hiv00062.mp4,single_annotator,True
EVT-00488,2026-07-28 00_20_23,21074-1,body_state,站立,STANDING,standing,interval,两者,v3,1919300.0,2133625.0,214325.0,546C50CA07D0-21074-1,546C50CA07D0,hiv00062.mp4,single_annotator,True
EVT-00489,2026-07-28 00_20_23,21074-1,body_state,行走,WALKING,walking,interval,两者,v3,2144883.0,2153671.0,8788.0,546C50CA07D0-21074-1,546C50CA07D0,hiv00062.mp4,single_annotator,True
EVT-00490,2026-07-28 00_20_23,21074-1,body_state,站立,STANDING,standing,interval,两者,v3,2174224.0,2258554.0,84330.0,546C50CA07D0-21074-1,546C50CA07D0,hiv00062.mp4,single_annotator,True
EVT-00491,2026-07-28 00_20_23,21074-1,body_state,站立,STANDING,standing,interval,两者,v3,2274849.0,2331207.0,56358.0,546C50CA07D0-21074-1,546C50CA07D0,hiv00062.mp4,single_annotator,True
EVT-00492,2026-07-28 00_20_23,21074-1,body_state,行走,WALKING,walking,interval,两者,v3,2337571.0,2340711.0,3140.0,546C50CA07D0-21074-1,546C50CA07D0,hiv00062.mp4,single_annotator,True
EVT-00493,2026-07-28 00_20_23,21074-1,body_state,站立,STANDING,standing,interval,两者,v3,2344002.0,2405067.0,61065.0,546C50CA07D0-21074-1,546C50CA07D0,hiv00062.mp4,single_annotator,True
EVT-00494,2026-07-28 00_20_23,21074-1,body_state,行走,WALKING,walking,interval,两者,v3,2436286.0,2466929.0,30643.0,546C50CA07D0-21074-1,546C50CA07D0,hiv00062.mp4,single_annotator,True
EVT-00495,2026-07-28 00_20_23,21074-1,body_state,站立,STANDING,standing,interval,两者,v3,2466929.0,2500102.0,33173.0,546C50CA07D0-21074-1,546C50CA07D0,hiv00062.mp4,single_annotator,True
EVT-00496,2026-07-28 00_20_23,21074-1,body_state,躺卧,LYING,lying,interval,两者,v3,2520638.0,2873747.0,353109.0,546C50CA07D0-21074-1,546C50CA07D0,hiv00062.mp4,single_annotator,True
EVT-00497,2026-07-28 00_20_23,21074-1,body_state,躺卧,LYING,lying,interval,两者,v3,2877719.0,3599976.0,722257.0,546C50CA07D0-21074-1,546C50CA07D0,hiv00062.mp4,single_annotator,True
EVT-00498,2026-07-28 01_26_54,21074-1,body_state,躺卧,LYING,lying,interval,两者,v3,0.0,421360.0,421360.0,546C50CA07D0-21074-1,546C50CA07D0,hiv00070.mp4,single_annotator,True
EVT-00499,2026-07-28 01_26_54,21074-1,posture_transition,起立过程,STANDING_UP,standing up,interval,两者,v3,418302.0,434304.0,16002.0,546C50CA07D0-21074-1,546C50CA07D0,hiv00070.mp4,preferred_annotator,True
EVT-00500,2026-07-28 01_26_54,21074-1,body_state,站立,STANDING,standing,interval,两者,v3,435945.0,714078.0,278133.0,546C50CA07D0-21074-1,546C50CA07D0,hiv00070.mp4,single_annotator,True
EVT-00501,2026-07-28 01_26_54,21074-1,posture_transition,卧倒过程,LYING_DOWN,lying down,interval,两者,v3,716794.0,729760.0,12966.0,546C50CA07D0-21074-1,546C50CA07D0,hiv00070.mp4,preferred_annotator,True
EVT-00502,2026-07-28 01_26_54,21074-1,body_state,躺卧,LYING,lying,interval,两者,v3,735781.0,796224.0,60443.0,546C50CA07D0-21074-1,546C50CA07D0,hiv00070.mp4,single_annotator,True
EVT-00503,2026-07-28 01_26_54,21074-1,body_state,躺卧,LYING,lying,interval,两者,v3,799465.0,1481400.0,681935.0,546C50CA07D0-21074-1,546C50CA07D0,hiv00070.mp4,single_annotator,True
EVT-00504,2026-07-28 01_26_54,21074-1,posture_transition,起立过程,STANDING_UP,standing up,interval,两者,v3,1490216.0,1506314.0,16098.0,546C50CA07D0-21074-1,546C50CA07D0,hiv00070.mp4,preferred_annotator,True
EVT-00505,2026-07-28 01_26_54,21074-1,body_state,站立,STANDING,standing,interval,两者,v3,1510299.0,1724797.0,214498.0,546C50CA07D0-21074-1,546C50CA07D0,hiv00070.mp4,single_annotator,True
EVT-00506,2026-07-28 01_26_54,21074-1,body_state,站立,STANDING,standing,interval,两者,v3,1769872.0,1802082.0,32210.0,546C50CA07D0-21074-1,546C50CA07D0,hiv00070.mp4,single_annotator,True
EVT-00507,2026-07-28 01_26_54,21074-1,body_state,站立,STANDING,standing,interval,两者,v3,1825095.0,1887447.0,62352.0,546C50CA07D0-21074-1,546C50CA07D0,hiv00070.mp4,single_annotator,True
EVT-00508,2026-07-28 01_26_54,21074-1,body_state,行走,WALKING,walking,interval,两者,v3,1892048.0,1898097.0,6049.0,546C50CA07D0-21074-1,546C50CA07D0,hiv00070.mp4,single_annotator,True
EVT-00509,2026-07-28 01_26_54,21074-1,body_state,站立,STANDING,standing,interval,两者,v3,1978510.0,2154014.0,175504.0,546C50CA07D0-21074-1,546C50CA07D0,hiv00070.mp4,single_annotator,True
EVT-00510,2026-07-28 01_26_54,21074-1,body_state,行走,WALKING,walking,interval,两者,v3,2172954.0,2188381.0,15427.0,546C50CA07D0-21074-1,546C50CA07D0,hiv00070.mp4,single_annotator,True
EVT-00511,2026-07-28 01_26_54,21074-1,body_state,站立,STANDING,standing,interval,两者,v3,2193260.0,2217791.0,24531.0,546C50CA07D0-21074-1,546C50CA07D0,hiv00070.mp4,single_annotator,True
EVT-00512,2026-07-28 01_26_54,21074-1,body_state,站立,STANDING,standing,interval,两者,v3,2257445.0,2557340.0,299895.0,546C50CA07D0-21074-1,546C50CA07D0,hiv00070.mp4,single_annotator,True
EVT-00513,2026-07-28 01_26_54,21074-1,body_state,站立,STANDING,standing,interval,两者,v3,2665751.0,2714292.0,48541.0,546C50CA07D0-21074-1,546C50CA07D0,hiv00070.mp4,single_annotator,True
EVT-00514,2026-07-28 01_26_54,21074-1,body_state,站立,STANDING,standing,interval,两者,v3,2714436.0,2742035.0,27599.0,546C50CA07D0-21074-1,546C50CA07D0,hiv00070.mp4,single_annotator,True
EVT-00515,2026-07-28 01_26_54,21074-1,body_state,站立,STANDING,standing,interval,两者,v3,2785362.0,3568848.0,783486.0,546C50CA07D0-21074-1,546C50CA07D0,hiv00070.mp4,single_annotator,True
EVT-00516,2026-07-28 02_33_15,21074-1,body_state,站立,STANDING,standing,interval,两者,v3,0.0,70423.0,70423.0,546C50CA07D0-21074-1,546C50CA07D0,hiv00080.mp4,single_annotator,True
EVT-00517,2026-07-28 02_33_15,21074-1,body_state,行走,WALKING,walking,interval,两者,v3,102550.0,114216.0,11666.0,546C50CA07D0-21074-1,546C50CA07D0,hiv00080.mp4,single_annotator,True
EVT-00518,2026-07-28 02_33_15,21074-1,body_state,行走,WALKING,walking,interval,两者,v3,120298.0,128323.0,8025.0,546C50CA07D0-21074-1,546C50CA07D0,hiv00080.mp4,single_annotator,True
EVT-00519,2026-07-28 02_33_15,21074-1,body_state,躺卧,LYING,lying,interval,两者,v3,217056.0,650481.0,433425.0,546C50CA07D0-21074-1,546C50CA07D0,hiv00080.mp4,single_annotator,True
EVT-00520,2026-07-28 02_33_15,21074-1,body_state,躺卧,LYING,lying,interval,两者,v3,653670.0,1609704.0,956034.0,546C50CA07D0-21074-1,546C50CA07D0,hiv00080.mp4,single_annotator,True
EVT-00521,2026-07-28 02_33_15,21074-1,body_state,躺卧,LYING,lying,interval,两者,v3,1610799.0,1960761.0,349962.0,546C50CA07D0-21074-1,546C50CA07D0,hiv00080.mp4,single_annotator,True
EVT-00522,2026-07-28 02_33_15,21074-1,posture_transition,起立过程,STANDING_UP,standing up,interval,两者,v3,1974709.0,1986376.0,11667.0,546C50CA07D0-21074-1,546C50CA07D0,hiv00080.mp4,preferred_annotator,True
EVT-00523,2026-07-28 02_33_15,21074-1,body_state,站立,STANDING,standing,interval,两者,v3,1988571.0,2495571.0,507000.0,546C50CA07D0-21074-1,546C50CA07D0,hiv00080.mp4,single_annotator,True
EVT-00524,2026-07-28 02_33_15,21074-1,objective_event,排尿,URINATION,urination,interval,两者,v3,2499783.0,2534700.0,34917.0,546C50CA07D0-21074-1,546C50CA07D0,hiv00080.mp4,single_annotator,True
EVT-00525,2026-07-28 02_33_15,21074-1,body_state,站立,STANDING,standing,interval,两者,v3,2546817.0,2570042.0,23225.0,546C50CA07D0-21074-1,546C50CA07D0,hiv00080.mp4,single_annotator,True
EVT-00526,2026-07-28 02_33_15,21074-1,body_state,站立,STANDING,standing,interval,两者,v3,2570111.0,2780684.0,210573.0,546C50CA07D0-21074-1,546C50CA07D0,hiv00080.mp4,single_annotator,True
EVT-00527,2026-07-28 02_33_15,21074-1,body_state,站立,STANDING,standing,interval,两者,v3,2796257.0,3071698.0,275441.0,546C50CA07D0-21074-1,546C50CA07D0,hiv00080.mp4,single_annotator,True
EVT-00528,2026-07-28 02_33_15,21074-1,posture_transition,卧倒过程,LYING_DOWN,lying down,interval,两者,v3,3081141.0,3089390.0,8249.0,546C50CA07D0-21074-1,546C50CA07D0,hiv00080.mp4,preferred_annotator,True
EVT-00529,2026-07-28 02_33_15,21074-1,body_state,躺卧,LYING,lying,interval,两者,v3,3116387.0,3191754.0,75367.0,546C50CA07D0-21074-1,546C50CA07D0,hiv00080.mp4,single_annotator,True
EVT-00530,2026-07-28 02_33_15,21074-1,posture_transition,起立过程,STANDING_UP,standing up,interval,两者,v3,3196595.0,3205969.0,9374.0,546C50CA07D0-21074-1,546C50CA07D0,hiv00080.mp4,preferred_annotator,True
EVT-00531,2026-07-28 02_33_15,21074-1,body_state,站立,STANDING,standing,interval,两者,v3,3212459.0,3521876.0,309417.0,546C50CA07D0-21074-1,546C50CA07D0,hiv00080.mp4,single_annotator,True
EVT-00532,2026-07-28 02_33_15,21074-1,body_state,站立,STANDING,standing,interval,两者,v3,3524476.0,3599982.0,75506.0,546C50CA07D0-21074-1,546C50CA07D0,hiv00080.mp4,single_annotator,True
EVT-00533,2026-07-28 03_39_37,21074-1,body_state,站立,STANDING,standing,interval,两者,v3,0.0,493761.0,493761.0,546C50CA07D0-21074-1,546C50CA07D0,hiv00089.mp4,single_annotator,True
EVT-00534,2026-07-28 03_39_37,21074-1,body_state,站立,STANDING,standing,interval,两者,v3,497022.0,809103.0,312081.0,546C50CA07D0-21074-1,546C50CA07D0,hiv00089.mp4,single_annotator,True
EVT-00535,2026-07-28 03_39_37,21074-1,body_state,站立,STANDING,standing,interval,两者,v3,829330.0,999815.0,170485.0,546C50CA07D0-21074-1,546C50CA07D0,hiv00089.mp4,single_annotator,True
EVT-00536,2026-07-28 03_39_37,21074-1,body_state,站立,STANDING,standing,interval,两者,v3,1020284.0,1451470.0,431186.0,546C50CA07D0-21074-1,546C50CA07D0,hiv00089.mp4,single_annotator,True
EVT-00537,2026-07-28 03_39_37,21074-1,body_state,站立,STANDING,standing,interval,两者,v3,1451536.0,2028261.0,576725.0,546C50CA07D0-21074-1,546C50CA07D0,hiv00089.mp4,single_annotator,True
EVT-00538,2026-07-28 03_39_37,21074-1,body_state,站立,STANDING,standing,interval,两者,v3,2053443.0,2153031.0,99588.0,546C50CA07D0-21074-1,546C50CA07D0,hiv00089.mp4,single_annotator,True
EVT-00539,2026-07-28 03_39_37,21074-1,objective_event,排尿,URINATION,urination,interval,两者,v3,2160208.0,2188414.0,28206.0,546C50CA07D0-21074-1,546C50CA07D0,hiv00089.mp4,preferred_annotator,True
EVT-00540,2026-07-28 03_39_37,21074-1,body_state,站立,STANDING,standing,interval,两者,v3,2410547.0,3369790.0,959243.0,546C50CA07D0-21074-1,546C50CA07D0,hiv00089.mp4,single_annotator,True
EVT-00541,2026-07-28 03_39_37,21074-1,body_state,站立,STANDING,standing,interval,两者,v3,3369811.0,3599989.0,230178.0,546C50CA07D0-21074-1,546C50CA07D0,hiv00089.mp4,single_annotator,True
EVT-00542,2026-07-28 04_45_58,21074-1,body_state,躺卧,LYING,lying,interval,两者,v3,0.0,348415.0,348415.0,546C50CA07D0-21074-1,546C50CA07D0,hiv00099.mp4,single_annotator,True
EVT-00543,2026-07-28 04_45_58,21074-1,body_state,躺卧,LYING,lying,interval,两者,v3,1307201.0,2264555.0,957354.0,546C50CA07D0-21074-1,546C50CA07D0,hiv00099.mp4,single_annotator,True
EVT-00544,2026-07-28 04_45_58,21074-1,body_state,躺卧,LYING,lying,interval,两者,v3,2266746.0,3067916.0,801170.0,546C50CA07D0-21074-1,546C50CA07D0,hiv00099.mp4,single_annotator,True
EVT-00545,2026-07-28 04_45_58,21074-1,posture_transition,起立过程,STANDING_UP,standing up,interval,两者,v3,3067087.0,3084189.0,17102.0,546C50CA07D0-21074-1,546C50CA07D0,hiv00097.mp4,preferred_annotator,True
EVT-00546,2026-07-28 04_45_58,21074-1,body_state,站立,STANDING,standing,interval,两者,v3,3087978.0,3240377.0,152399.0,546C50CA07D0-21074-1,546C50CA07D0,hiv00099.mp4,single_annotator,True
EVT-00547,2026-07-28 04_45_58,21074-1,body_state,站立,STANDING,standing,interval,两者,v3,3374601.0,3520445.0,145844.0,546C50CA07D0-21074-1,546C50CA07D0,hiv00099.mp4,single_annotator,True
EVT-00548,2026-07-28 04_45_58,21074-1,objective_event,排尿,URINATION,urination,interval,两者,v3,3521749.0,3557555.0,35806.0,546C50CA07D0-21074-1,546C50CA07D0,hiv00099.mp4,single_annotator,True
EVT-00549,2026-07-28 04_45_58,21074-1,body_state,站立,STANDING,standing,interval,两者,v3,3557555.0,3599984.0,42429.0,546C50CA07D0-21074-1,546C50CA07D0,hiv00099.mp4,single_annotator,True
EVT-00550,2026-07-28 05_52_04,21074-1,body_state,躺卧,LYING,lying,interval,两者,v3,247312.0,1760423.0,1513111.0,546C50CA07D0-21074-1,546C50CA07D0,hiv00103.mp4,single_annotator,True
EVT-00551,2026-07-28 05_52_04,21074-1,body_state,躺卧,LYING,lying,interval,两者,v3,1763003.0,2304954.0,541951.0,546C50CA07D0-21074-1,546C50CA07D0,hiv00103.mp4,single_annotator,True
EVT-00552,2026-07-28 05_52_04,21074-1,posture_transition,起立过程,STANDING_UP,standing up,interval,两者,v3,2308628.0,2317372.0,8744.0,546C50CA07D0-21074-1,546C50CA07D0,hiv00103.mp4,preferred_annotator,True
EVT-00553,2026-07-28 05_52_04,21074-1,body_state,站立,STANDING,standing,interval,两者,v3,2329006.0,2687262.0,358256.0,546C50CA07D0-21074-1,546C50CA07D0,hiv00103.mp4,single_annotator,True
EVT-00554,2026-07-28 05_52_04,21074-1,body_state,站立,STANDING,standing,interval,两者,v3,2707817.0,2773437.0,65620.0,546C50CA07D0-21074-1,546C50CA07D0,hiv00103.mp4,single_annotator,True
EVT-00555,2026-07-28 05_52_04,21074-1,body_state,站立,STANDING,standing,interval,两者,v3,2788450.0,2926240.0,137790.0,546C50CA07D0-21074-1,546C50CA07D0,hiv00103.mp4,single_annotator,True
EVT-00556,2026-07-28 05_52_04,21074-1,body_state,行走,WALKING,walking,interval,两者,v3,2926240.0,2949278.0,23038.0,546C50CA07D0-21074-1,546C50CA07D0,hiv00103.mp4,single_annotator,True
EVT-00557,2026-07-28 05_52_04,21074-1,body_state,站立,STANDING,standing,interval,两者,v3,2949278.0,2982409.0,33131.0,546C50CA07D0-21074-1,546C50CA07D0,hiv00103.mp4,single_annotator,True
EVT-00558,2026-07-28 05_52_04,21074-1,body_state,行走,WALKING,walking,interval,两者,v3,2982409.0,2987167.0,4758.0,546C50CA07D0-21074-1,546C50CA07D0,hiv00103.mp4,single_annotator,True
EVT-00559,2026-07-28 05_52_04,21074-1,body_state,行走,WALKING,walking,interval,两者,v3,2993073.0,2998449.0,5376.0,546C50CA07D0-21074-1,546C50CA07D0,hiv00103.mp4,single_annotator,True
EVT-00560,2026-07-28 05_52_04,21074-1,body_state,站立,STANDING,standing,interval,两者,v3,2998449.0,3162539.0,164090.0,546C50CA07D0-21074-1,546C50CA07D0,hiv00103.mp4,single_annotator,True
EVT-00561,2026-07-28 05_52_04,21074-1,body_state,站立,STANDING,standing,interval,两者,v3,3163415.0,3581005.0,417590.0,546C50CA07D0-21074-1,546C50CA07D0,hiv00103.mp4,single_annotator,True
EVT-00562,2026-07-28 06_58_05,21074-1,body_state,站立,STANDING,standing,interval,两者,v3,33269.0,224666.0,191397.0,546C50CA07D0-21074-1,546C50CA07D0,hiv00111.mp4,single_annotator,True
EVT-00563,2026-07-28 06_58_05,21074-1,body_state,站立,STANDING,standing,interval,两者,v3,231490.0,264577.0,33087.0,546C50CA07D0-21074-1,546C50CA07D0,hiv00111.mp4,single_annotator,True
EVT-00564,2026-07-28 06_58_05,21074-1,body_state,行走,WALKING,walking,interval,两者,v3,264577.0,274652.0,10075.0,546C50CA07D0-21074-1,546C50CA07D0,hiv00111.mp4,single_annotator,True
EVT-00565,2026-07-28 06_58_05,21074-1,body_state,站立,STANDING,standing,interval,两者,v3,274652.0,280259.0,5607.0,546C50CA07D0-21074-1,546C50CA07D0,hiv00111.mp4,single_annotator,True
EVT-00566,2026-07-28 06_58_05,21074-1,body_state,行走,WALKING,walking,interval,两者,v3,292352.0,308574.0,16222.0,546C50CA07D0-21074-1,546C50CA07D0,hiv00111.mp4,single_annotator,True
EVT-00567,2026-07-28 06_58_05,21074-1,objective_event,排便,DEFECATION,defecation,interval,两者,v3,319357.0,338117.0,18760.0,546C50CA07D0-21074-1,546C50CA07D0,hiv00111.mp4,preferred_annotator,True
EVT-00568,2026-07-28 06_58_05,21074-1,body_state,采食,FEEDING,feeding,interval,两者,v3,347732.0,559785.0,212053.0,546C50CA07D0-21074-1,546C50CA07D0,hiv00111.mp4,single_annotator,True
EVT-00569,2026-07-28 06_58_05,21074-1,body_state,站立,STANDING,standing,interval,两者,v3,580339.0,616057.0,35718.0,546C50CA07D0-21074-1,546C50CA07D0,hiv00111.mp4,single_annotator,True
EVT-00570,2026-07-28 06_58_05,21074-1,body_state,采食,FEEDING,feeding,interval,两者,v3,625811.0,718290.0,92479.0,546C50CA07D0-21074-1,546C50CA07D0,hiv00111.mp4,single_annotator,True
EVT-00571,2026-07-28 06_58_05,21074-1,body_state,采食,FEEDING,feeding,interval,两者,v3,731157.0,1187335.0,456178.0,546C50CA07D0-21074-1,546C50CA07D0,hiv00111.mp4,single_annotator,True
EVT-00572,2026-07-28 06_58_05,21074-1,body_state,采食,FEEDING,feeding,interval,两者,v3,1235757.0,1293845.0,58088.0,546C50CA07D0-21074-1,546C50CA07D0,hiv00111.mp4,single_annotator,True
EVT-00573,2026-07-28 06_58_05,21074-1,body_state,站立,STANDING,standing,interval,两者,v3,1413352.0,1456757.0,43405.0,546C50CA07D0-21074-1,546C50CA07D0,hiv00111.mp4,single_annotator,True
EVT-00574,2026-07-28 06_58_05,21074-1,body_state,行走,WALKING,walking,interval,两者,v3,1494719.0,1509996.0,15277.0,546C50CA07D0-21074-1,546C50CA07D0,hiv00111.mp4,single_annotator,True
EVT-00575,2026-07-28 06_58_05,21074-1,body_state,站立,STANDING,standing,interval,两者,v3,1510396.0,2286885.0,776489.0,546C50CA07D0-21074-1,546C50CA07D0,hiv00111.mp4,single_annotator,True
EVT-00576,2026-07-28 06_58_05,21074-1,body_state,站立,STANDING,standing,interval,两者,v3,2287038.0,3028264.0,741226.0,546C50CA07D0-21074-1,546C50CA07D0,hiv00111.mp4,single_annotator,True
EVT-00577,2026-07-28 06_58_05,21074-1,body_state,站立,STANDING,standing,interval,两者,v3,3043770.0,3291071.0,247301.0,546C50CA07D0-21074-1,546C50CA07D0,hiv00111.mp4,single_annotator,True
EVT-00578,2026-07-28 06_58_05,21074-1,body_state,站立,STANDING,standing,interval,两者,v3,3294065.0,3312629.0,18564.0,546C50CA07D0-21074-1,546C50CA07D0,hiv00111.mp4,single_annotator,True
EVT-00579,2026-07-28 06_58_05,21074-1,objective_event,排尿,URINATION,urination,interval,两者,v3,3315961.0,3359396.0,43435.0,546C50CA07D0-21074-1,546C50CA07D0,hiv00111.mp4,single_annotator,True
EVT-00580,2026-07-28 06_58_05,21074-1,body_state,站立,STANDING,standing,interval,两者,v3,3359396.0,3439326.0,79930.0,546C50CA07D0-21074-1,546C50CA07D0,hiv00111.mp4,single_annotator,True
EVT-00581,2026-07-28 06_58_05,21074-1,body_state,站立,STANDING,standing,interval,两者,v3,3465058.0,3599987.0,134929.0,546C50CA07D0-21074-1,546C50CA07D0,hiv00111.mp4,single_annotator,True
EVT-00582,2026-07-28 08_04_18,21074-1,body_state,采食,FEEDING,feeding,interval,两者,v3,1092346.0,1334614.0,242268.0,546C50CA07D0-21074-1,546C50CA07D0,hiv00120.mp4,single_annotator,True
EVT-00583,2026-07-28 08_04_18,21074-1,body_state,采食,FEEDING,feeding,interval,两者,v3,1334790.0,1470296.0,135506.0,546C50CA07D0-21074-1,546C50CA07D0,hiv00120.mp4,single_annotator,True
EVT-00584,2026-07-28 08_04_18,21074-1,body_state,站立,STANDING,standing,interval,两者,v3,1495884.0,1605379.0,109495.0,546C50CA07D0-21074-1,546C50CA07D0,hiv00120.mp4,single_annotator,True
EVT-00585,2026-07-28 08_04_18,21074-1,body_state,行走,WALKING,walking,interval,两者,v3,1634054.0,1638869.0,4815.0,546C50CA07D0-21074-1,546C50CA07D0,hiv00120.mp4,single_annotator,True
EVT-00586,2026-07-28 08_04_18,21074-1,body_state,行走,WALKING,walking,interval,两者,v3,1651584.0,1661903.0,10319.0,546C50CA07D0-21074-1,546C50CA07D0,hiv00120.mp4,single_annotator,True
EVT-00587,2026-07-28 08_04_18,21074-1,body_state,采食,FEEDING,feeding,interval,两者,v3,1694427.0,1901526.0,207099.0,546C50CA07D0-21074-1,546C50CA07D0,hiv00120.mp4,single_annotator,True
EVT-00588,2026-07-28 08_04_18,21074-1,objective_event,排尿,URINATION,urination,interval,两者,v3,1938614.0,1987133.0,48519.0,546C50CA07D0-21074-1,546C50CA07D0,hiv00120.mp4,single_annotator,True
EVT-00589,2026-07-28 08_04_18,21074-1,body_state,采食,FEEDING,feeding,interval,两者,v3,2012391.0,2130592.0,118201.0,546C50CA07D0-21074-1,546C50CA07D0,hiv00120.mp4,single_annotator,True
EVT-00590,2026-07-28 08_04_18,21074-1,body_state,采食,FEEDING,feeding,interval,两者,v3,2263687.0,2341255.0,77568.0,546C50CA07D0-21074-1,546C50CA07D0,hiv00120.mp4,single_annotator,True
EVT-00591,2026-07-28 08_04_18,21074-1,body_state,采食,FEEDING,feeding,interval,两者,v3,2341968.0,3353044.0,1011076.0,546C50CA07D0-21074-1,546C50CA07D0,hiv00120.mp4,single_annotator,True
EVT-00592,2026-07-28 08_04_18,21074-1,body_state,采食,FEEDING,feeding,interval,两者,v3,3353806.0,3519990.0,166184.0,546C50CA07D0-21074-1,546C50CA07D0,hiv00120.mp4,single_annotator,True
EVT-00593,2026-07-28 09_10_45,21074-1,body_state,采食,FEEDING,feeding,interval,两者,v3,953.0,277449.0,276496.0,546C50CA07D0-21074-1,546C50CA07D0,hiv00128.mp4,single_annotator,True
EVT-00594,2026-07-28 09_10_45,21074-1,body_state,采食,FEEDING,feeding,interval,两者,v3,391468.0,593604.0,202136.0,546C50CA07D0-21074-1,546C50CA07D0,hiv00128.mp4,single_annotator,True
EVT-00595,2026-07-28 09_10_45,21074-1,body_state,站立,STANDING,standing,interval,两者,v3,914135.0,986057.0,71922.0,546C50CA07D0-21074-1,546C50CA07D0,hiv00128.mp4,single_annotator,True
EVT-00596,2026-07-28 09_10_45,21074-1,body_state,站立,STANDING,standing,interval,两者,v3,1037048.0,1072861.0,35813.0,546C50CA07D0-21074-1,546C50CA07D0,hiv00128.mp4,single_annotator,True
EVT-00597,2026-07-28 09_10_45,21074-1,body_state,站立,STANDING,standing,interval,两者,v3,1134424.0,1188198.0,53774.0,546C50CA07D0-21074-1,546C50CA07D0,hiv00128.mp4,single_annotator,True
EVT-00598,2026-07-28 09_10_45,21074-1,body_state,站立,STANDING,standing,interval,两者,v3,1236728.0,1296840.0,60112.0,546C50CA07D0-21074-1,546C50CA07D0,hiv00128.mp4,single_annotator,True
EVT-00599,2026-07-28 09_10_45,21074-1,body_state,行走,WALKING,walking,interval,两者,v3,1468495.0,1493858.0,25363.0,546C50CA07D0-21074-1,546C50CA07D0,hiv00128.mp4,single_annotator,True
EVT-00600,2026-07-28 09_10_45,21074-1,posture_transition,卧倒过程,LYING_DOWN,lying down,interval,两者,v3,1558736.0,1565552.0,6816.0,546C50CA07D0-21074-1,546C50CA07D0,hiv00128.mp4,preferred_annotator,True
EVT-00601,2026-07-28 09_10_45,21074-1,body_state,躺卧,LYING,lying,interval,两者,v3,1575305.0,2398003.0,822698.0,546C50CA07D0-21074-1,546C50CA07D0,hiv00128.mp4,single_annotator,True
EVT-00602,2026-07-28 09_10_45,21074-1,posture_transition,起立过程,STANDING_UP,standing up,interval,两者,v3,2862651.0,2877578.0,14927.0,546C50CA07D0-21074-1,546C50CA07D0,hiv00128.mp4,preferred_annotator,True
EVT-00603,2026-07-28 09_10_45,21074-1,body_state,站立,STANDING,standing,interval,两者,v3,2883368.0,3404044.0,520676.0,546C50CA07D0-21074-1,546C50CA07D0,hiv00128.mp4,single_annotator,True
EVT-00604,2026-07-28 09_10_45,21074-1,body_state,站立,STANDING,standing,interval,两者,v3,3404958.0,3436709.0,31751.0,546C50CA07D0-21074-1,546C50CA07D0,hiv00128.mp4,single_annotator,True
EVT-00605,2026-07-28 09_10_45,21074-1,body_state,站立,STANDING,standing,interval,两者,v3,3459650.0,3599973.0,140323.0,546C50CA07D0-21074-1,546C50CA07D0,hiv00128.mp4,single_annotator,True
EVT-00606,2026-07-28 10_16_56,21074-1,body_state,站立,STANDING,standing,interval,两者,v3,0.0,270782.0,270782.0,546C50CA07D0-21074-1,546C50CA07D0,hiv00136.mp4,single_annotator,True
EVT-00607,2026-07-28 10_16_56,21074-1,body_state,行走,WALKING,walking,interval,两者,v3,498090.0,516450.0,18360.0,546C50CA07D0-21074-1,546C50CA07D0,hiv00136.mp4,single_annotator,True
EVT-00608,2026-07-28 10_16_56,21074-1,body_state,站立,STANDING,standing,interval,两者,v3,528712.0,651707.0,122995.0,546C50CA07D0-21074-1,546C50CA07D0,hiv00136.mp4,single_annotator,True
EVT-00609,2026-07-28 10_16_56,21074-1,body_state,站立,STANDING,standing,interval,两者,v3,739135.0,868552.0,129417.0,546C50CA07D0-21074-1,546C50CA07D0,hiv00136.mp4,single_annotator,True
EVT-00610,2026-07-28 10_16_56,21074-1,body_state,行走,WALKING,walking,interval,两者,v3,872907.0,887885.0,14978.0,546C50CA07D0-21074-1,546C50CA07D0,hiv00136.mp4,single_annotator,True
EVT-00611,2026-07-28 10_16_56,21074-1,objective_event,排尿,URINATION,urination,interval,两者,v3,888912.0,919120.0,30208.0,546C50CA07D0-21074-1,546C50CA07D0,hiv00136.mp4,preferred_annotator,True
EVT-00612,2026-07-28 10_16_56,21074-1,body_state,站立,STANDING,standing,interval,两者,v3,982613.0,1064380.0,81767.0,546C50CA07D0-21074-1,546C50CA07D0,hiv00136.mp4,single_annotator,True
EVT-00613,2026-07-28 10_16_56,21074-1,body_state,行走,WALKING,walking,interval,两者,v3,1067822.0,1080595.0,12773.0,546C50CA07D0-21074-1,546C50CA07D0,hiv00136.mp4,single_annotator,True
EVT-00614,2026-07-28 10_16_56,21074-1,body_state,行走,WALKING,walking,interval,两者,v3,1093454.0,1106183.0,12729.0,546C50CA07D0-21074-1,546C50CA07D0,hiv00136.mp4,single_annotator,True
EVT-00615,2026-07-28 10_16_56,21074-1,body_state,站立,STANDING,standing,interval,两者,v3,1106183.0,1190502.0,84319.0,546C50CA07D0-21074-1,546C50CA07D0,hiv00136.mp4,single_annotator,True
EVT-00616,2026-07-28 10_16_56,21074-1,body_state,采食,FEEDING,feeding,interval,两者,v3,1233918.0,1318471.0,84553.0,546C50CA07D0-21074-1,546C50CA07D0,hiv00136.mp4,single_annotator,True
EVT-00617,2026-07-28 10_16_56,21074-1,body_state,采食,FEEDING,feeding,interval,两者,v3,1339027.0,1449069.0,110042.0,546C50CA07D0-21074-1,546C50CA07D0,hiv00136.mp4,single_annotator,True
EVT-00618,2026-07-28 10_16_56,21074-1,body_state,采食,FEEDING,feeding,interval,两者,v3,1466034.0,1628516.0,162482.0,546C50CA07D0-21074-1,546C50CA07D0,hiv00136.mp4,single_annotator,True
EVT-00619,2026-07-28 10_16_56,21074-1,body_state,采食,FEEDING,feeding,interval,两者,v3,1651615.0,1750408.0,98793.0,546C50CA07D0-21074-1,546C50CA07D0,hiv00136.mp4,single_annotator,True
EVT-00620,2026-07-28 10_16_56,21074-1,body_state,采食,FEEDING,feeding,interval,两者,v3,1768319.0,1856809.0,88490.0,546C50CA07D0-21074-1,546C50CA07D0,hiv00136.mp4,single_annotator,True
EVT-00621,2026-07-28 10_16_56,21074-1,body_state,采食,FEEDING,feeding,interval,两者,v3,1892606.0,2469302.0,576696.0,546C50CA07D0-21074-1,546C50CA07D0,hiv00136.mp4,single_annotator,True
EVT-00622,2026-07-28 10_16_56,21074-1,body_state,采食,FEEDING,feeding,interval,两者,v3,2470553.0,3016740.0,546187.0,546C50CA07D0-21074-1,546C50CA07D0,hiv00136.mp4,single_annotator,True
EVT-00623,2026-07-28 10_16_56,21074-1,body_state,采食,FEEDING,feeding,interval,两者,v3,3052637.0,3482550.0,429913.0,546C50CA07D0-21074-1,546C50CA07D0,hiv00136.mp4,single_annotator,True
EVT-00624,2026-07-28 11_22_58,21074-1,body_state,采食,FEEDING,feeding,interval,两者,v3,0.0,526798.0,526798.0,546C50CA07D0-21074-1,546C50CA07D0,hiv00144.mp4,single_annotator,True
EVT-00625,2026-07-28 11_22_58,21074-1,body_state,采食,FEEDING,feeding,interval,两者,v3,753774.0,1160942.0,407168.0,546C50CA07D0-21074-1,546C50CA07D0,hiv00144.mp4,single_annotator,True
EVT-00626,2026-07-28 11_22_58,21074-1,body_state,行走,WALKING,walking,interval,两者,v3,1246933.0,1264770.0,17837.0,546C50CA07D0-21074-1,546C50CA07D0,hiv00144.mp4,single_annotator,True
EVT-00627,2026-07-28 11_22_58,21074-1,body_state,站立,STANDING,standing,interval,两者,v3,1272515.0,1373231.0,100716.0,546C50CA07D0-21074-1,546C50CA07D0,hiv00144.mp4,single_annotator,True
EVT-00628,2026-07-28 11_22_58,21074-1,body_state,行走,WALKING,walking,interval,两者,v3,1375780.0,1406728.0,30948.0,546C50CA07D0-21074-1,546C50CA07D0,hiv00144.mp4,single_annotator,True
EVT-00629,2026-07-28 11_22_58,21074-1,body_state,站立,STANDING,standing,interval,两者,v3,1432451.0,1537398.0,104947.0,546C50CA07D0-21074-1,546C50CA07D0,hiv00144.mp4,single_annotator,True
EVT-00630,2026-07-28 11_22_58,21074-1,body_state,站立,STANDING,standing,interval,两者,v3,1538391.0,1553281.0,14890.0,546C50CA07D0-21074-1,546C50CA07D0,hiv00144.mp4,single_annotator,True
EVT-00631,2026-07-28 11_22_58,21074-1,posture_transition,卧倒过程,LYING_DOWN,lying down,interval,两者,v3,1563401.0,1571405.0,8004.0,546C50CA07D0-21074-1,546C50CA07D0,hiv00144.mp4,preferred_annotator,True
EVT-00632,2026-07-28 11_22_58,21074-1,body_state,躺卧,LYING,lying,interval,两者,v3,1574785.0,2548738.0,973953.0,546C50CA07D0-21074-1,546C50CA07D0,hiv00144.mp4,single_annotator,True
EVT-00633,2026-07-28 11_22_58,21074-1,body_state,躺卧,LYING,lying,interval,两者,v3,2550258.0,3074072.0,523814.0,546C50CA07D0-21074-1,546C50CA07D0,hiv00144.mp4,single_annotator,True
EVT-00634,2026-07-28 11_22_58,21074-1,body_state,躺卧,LYING,lying,interval,两者,v3,3099172.0,3266771.0,167599.0,546C50CA07D0-21074-1,546C50CA07D0,hiv00144.mp4,single_annotator,True
EVT-00635,2026-07-28 11_22_58,21074-1,body_state,躺卧,LYING,lying,interval,两者,v3,3287557.0,3367103.0,79546.0,546C50CA07D0-21074-1,546C50CA07D0,hiv00144.mp4,single_annotator,True
EVT-00636,2026-07-28 11_22_58,21074-1,body_state,躺卧,LYING,lying,interval,两者,v3,3433445.0,3556217.0,122772.0,546C50CA07D0-21074-1,546C50CA07D0,hiv00144.mp4,single_annotator,True
EVT-00637,2026-07-28 11_22_58,21074-1,body_state,躺卧,LYING,lying,interval,两者,v3,3557297.0,3586905.0,29608.0,546C50CA07D0-21074-1,546C50CA07D0,hiv00144.mp4,single_annotator,True
EVT-00638,2026-07-28 12_28_50,21074-1,body_state,躺卧,LYING,lying,interval,两者,v3,0.0,577183.0,577183.0,546C50CA07D0-21074-1,546C50CA07D0,hiv00150.mp4,single_annotator,True
EVT-00639,2026-07-28 12_28_50,21074-1,body_state,躺卧,LYING,lying,interval,两者,v3,613034.0,1613474.0,1000440.0,546C50CA07D0-21074-1,546C50CA07D0,hiv00150.mp4,single_annotator,True
EVT-00640,2026-07-28 12_28_50,21074-1,body_state,躺卧,LYING,lying,interval,两者,v3,1615060.0,2333488.0,718428.0,546C50CA07D0-21074-1,546C50CA07D0,hiv00150.mp4,single_annotator,True
EVT-00641,2026-07-28 12_28_50,21074-1,posture_transition,起立过程,STANDING_UP,standing up,interval,两者,v3,2404221.0,2413369.0,9148.0,546C50CA07D0-21074-1,546C50CA07D0,hiv00150.mp4,preferred_annotator,True
EVT-00642,2026-07-28 12_28_50,21074-1,body_state,站立,STANDING,standing,interval,两者,v3,2429333.0,2621019.0,191686.0,546C50CA07D0-21074-1,546C50CA07D0,hiv00150.mp4,single_annotator,True
EVT-00643,2026-07-28 12_28_50,21074-1,body_state,站立,STANDING,standing,interval,两者,v3,2622320.0,2644565.0,22245.0,546C50CA07D0-21074-1,546C50CA07D0,hiv00150.mp4,single_annotator,True
EVT-00644,2026-07-28 12_28_50,21074-1,body_state,站立,STANDING,standing,interval,两者,v3,2660070.0,3572554.0,912484.0,546C50CA07D0-21074-1,546C50CA07D0,hiv00150.mp4,single_annotator,True
EVT-00645,2026-07-28 13_35_10,21074-1,body_state,站立,STANDING,standing,interval,两者,v3,0.0,126576.0,126576.0,546C50CA07D0-21074-1,546C50CA07D0,hiv00158.mp4,single_annotator,True
EVT-00646,2026-07-28 13_35_10,21074-1,body_state,行走,WALKING,walking,interval,两者,v3,131599.0,146954.0,15355.0,546C50CA07D0-21074-1,546C50CA07D0,hiv00158.mp4,single_annotator,True
EVT-00647,2026-07-28 13_35_10,21074-1,body_state,行走,WALKING,walking,interval,两者,v3,152558.0,170456.0,17898.0,546C50CA07D0-21074-1,546C50CA07D0,hiv00158.mp4,single_annotator,True
EVT-00648,2026-07-28 13_35_10,21074-1,body_state,站立,STANDING,standing,interval,两者,v3,170456.0,224170.0,53714.0,546C50CA07D0-21074-1,546C50CA07D0,hiv00158.mp4,single_annotator,True
EVT-00649,2026-07-28 13_35_10,21074-1,body_state,行走,WALKING,walking,interval,两者,v3,224565.0,275799.0,51234.0,546C50CA07D0-21074-1,546C50CA07D0,hiv00158.mp4,single_annotator,True
EVT-00650,2026-07-28 13_35_10,21074-1,body_state,采食,FEEDING,feeding,interval,两者,v3,301298.0,645332.0,344034.0,546C50CA07D0-21074-1,546C50CA07D0,hiv00158.mp4,single_annotator,True
EVT-00651,2026-07-28 13_35_10,21074-1,body_state,采食,FEEDING,feeding,interval,两者,v3,646595.0,1171436.0,524841.0,546C50CA07D0-21074-1,546C50CA07D0,hiv00158.mp4,single_annotator,True
EVT-00652,2026-07-28 13_35_10,21074-1,body_state,采食,FEEDING,feeding,interval,两者,v3,1229557.0,1457284.0,227727.0,546C50CA07D0-21074-1,546C50CA07D0,hiv00158.mp4,single_annotator,True
EVT-00653,2026-07-28 13_35_10,21074-1,body_state,采食,FEEDING,feeding,interval,两者,v3,1653755.0,2019544.0,365789.0,546C50CA07D0-21074-1,546C50CA07D0,hiv00158.mp4,single_annotator,True
EVT-00654,2026-07-28 13_35_10,21074-1,body_state,采食,FEEDING,feeding,interval,两者,v3,2050475.0,2491847.0,441372.0,546C50CA07D0-21074-1,546C50CA07D0,hiv00158.mp4,single_annotator,True
EVT-00655,2026-07-28 13_35_10,21074-1,body_state,采食,FEEDING,feeding,interval,两者,v3,2520073.0,2659137.0,139064.0,546C50CA07D0-21074-1,546C50CA07D0,hiv00158.mp4,single_annotator,True
EVT-00656,2026-07-28 13_35_10,21074-1,body_state,采食,FEEDING,feeding,interval,两者,v3,2661113.0,2787104.0,125991.0,546C50CA07D0-21074-1,546C50CA07D0,hiv00158.mp4,single_annotator,True
EVT-00657,2026-07-28 13_35_10,21074-1,body_state,采食,FEEDING,feeding,interval,两者,v3,2827872.0,3153994.0,326122.0,546C50CA07D0-21074-1,546C50CA07D0,hiv00158.mp4,single_annotator,True
EVT-00658,2026-07-28 13_35_10,21074-1,objective_event,排尿,URINATION,urination,interval,两者,v3,3149358.0,3213137.0,63779.0,546C50CA07D0-21074-1,546C50CA07D0,hiv00158.mp4,single_annotator,True
EVT-00659,2026-07-28 13_35_10,21074-1,body_state,采食,FEEDING,feeding,interval,两者,v3,3213137.0,3476188.0,263051.0,546C50CA07D0-21074-1,546C50CA07D0,hiv00158.mp4,single_annotator,True
EVT-00660,2026-07-28 13_35_10,21074-1,body_state,行走,WALKING,walking,interval,两者,v3,3514871.0,3537488.0,22617.0,546C50CA07D0-21074-1,546C50CA07D0,hiv00158.mp4,single_annotator,True
EVT-00661,2026-07-28 13_35_10,21074-1,body_state,站立,STANDING,standing,interval,两者,v3,3548211.0,3599976.0,51765.0,546C50CA07D0-21074-1,546C50CA07D0,hiv00158.mp4,single_annotator,True
EVT-00662,2026-07-28 14_41_29,21074-1,body_state,采食,FEEDING,feeding,interval,两者,v3,109706.0,381227.0,271521.0,546C50CA07D0-21074-1,546C50CA07D0,hiv00166.mp4,single_annotator,True
EVT-00663,2026-07-28 14_41_29,21074-1,body_state,站立,STANDING,standing,interval,两者,v3,497921.0,615500.0,117579.0,546C50CA07D0-21074-1,546C50CA07D0,hiv00166.mp4,single_annotator,True
EVT-00664,2026-07-28 14_41_29,21074-1,body_state,行走,WALKING,walking,interval,两者,v3,615500.0,686887.0,71387.0,546C50CA07D0-21074-1,546C50CA07D0,hiv00166.mp4,single_annotator,True
EVT-00665,2026-07-28 14_41_29,21074-1,body_state,行走,WALKING,walking,interval,两者,v3,1931904.0,1967537.0,35633.0,546C50CA07D0-21074-1,546C50CA07D0,hiv00166.mp4,single_annotator,True
EVT-00666,2026-07-28 14_41_29,21074-1,body_state,采食,FEEDING,feeding,interval,两者,v3,2000847.0,2695864.0,695017.0,546C50CA07D0-21074-1,546C50CA07D0,hiv00166.mp4,single_annotator,True
EVT-00667,2026-07-28 14_41_29,21074-1,body_state,采食,FEEDING,feeding,interval,两者,v3,2696656.0,2732417.0,35761.0,546C50CA07D0-21074-1,546C50CA07D0,hiv00166.mp4,single_annotator,True
EVT-00668,2026-07-28 14_41_29,21074-1,body_state,采食,FEEDING,feeding,interval,两者,v3,2750474.0,3228604.0,478130.0,546C50CA07D0-21074-1,546C50CA07D0,hiv00166.mp4,single_annotator,True
EVT-00669,2026-07-28 14_41_29,21074-1,body_state,行走,WALKING,walking,interval,两者,v3,3233662.0,3261712.0,28050.0,546C50CA07D0-21074-1,546C50CA07D0,hiv00166.mp4,single_annotator,True
EVT-00670,2026-07-28 14_41_29,21074-1,body_state,站立,STANDING,standing,interval,两者,v3,3261712.0,3281783.0,20071.0,546C50CA07D0-21074-1,546C50CA07D0,hiv00166.mp4,single_annotator,True
EVT-00671,2026-07-28 14_41_29,21074-1,body_state,站立,STANDING,standing,interval,两者,v3,3289925.0,3330289.0,40364.0,546C50CA07D0-21074-1,546C50CA07D0,hiv00166.mp4,single_annotator,True
EVT-00672,2026-07-28 14_41_29,21074-1,body_state,行走,WALKING,walking,interval,两者,v3,3459466.0,3484940.0,25474.0,546C50CA07D0-21074-1,546C50CA07D0,hiv00166.mp4,single_annotator,True
EVT-00673,2026-07-28 14_41_29,21074-1,body_state,行走,WALKING,walking,interval,两者,v3,3487668.0,3510856.0,23188.0,546C50CA07D0-21074-1,546C50CA07D0,hiv00166.mp4,single_annotator,True
EVT-00674,2026-07-28 14_41_29,21074-1,body_state,行走,WALKING,walking,interval,两者,v3,3546498.0,3554178.0,7680.0,546C50CA07D0-21074-1,546C50CA07D0,hiv00166.mp4,single_annotator,True
EVT-00675,2026-07-28 15_47_42,21074-1,body_state,采食,FEEDING,feeding,interval,两者,v3,0.0,112810.0,112810.0,546C50CA07D0-21074-1,546C50CA07D0,hiv00174.mp4,single_annotator,True
EVT-00676,2026-07-28 15_47_42,21074-1,body_state,采食,FEEDING,feeding,interval,两者,v3,137271.0,419103.0,281832.0,546C50CA07D0-21074-1,546C50CA07D0,hiv00174.mp4,single_annotator,True
EVT-00677,2026-07-28 15_47_42,21074-1,body_state,采食,FEEDING,feeding,interval,两者,v3,467869.0,710420.0,242551.0,546C50CA07D0-21074-1,546C50CA07D0,hiv00174.mp4,single_annotator,True
EVT-00678,2026-07-28 15_47_42,21074-1,body_state,行走,WALKING,walking,interval,两者,v3,715484.0,720760.0,5276.0,546C50CA07D0-21074-1,546C50CA07D0,hiv00174.mp4,single_annotator,True
EVT-00679,2026-07-28 15_47_42,21074-1,body_state,行走,WALKING,walking,interval,两者,v3,723328.0,742707.0,19379.0,546C50CA07D0-21074-1,546C50CA07D0,hiv00174.mp4,single_annotator,True
EVT-00680,2026-07-28 15_47_42,21074-1,body_state,行走,WALKING,walking,interval,两者,v3,812797.0,823180.0,10383.0,546C50CA07D0-21074-1,546C50CA07D0,hiv00174.mp4,single_annotator,True
EVT-00681,2026-07-28 15_47_42,21074-1,body_state,站立,STANDING,standing,interval,两者,v3,823180.0,858911.0,35731.0,546C50CA07D0-21074-1,546C50CA07D0,hiv00174.mp4,single_annotator,True
EVT-00682,2026-07-28 15_47_42,21074-1,posture_transition,卧倒过程,LYING_DOWN,lying down,interval,两者,v3,858911.0,876730.0,17819.0,546C50CA07D0-21074-1,546C50CA07D0,hiv00174.mp4,single_annotator,True
EVT-00683,2026-07-28 15_47_42,21074-1,body_state,躺卧,LYING,lying,interval,两者,v3,876730.0,1443286.0,566556.0,546C50CA07D0-21074-1,546C50CA07D0,hiv00174.mp4,single_annotator,True
EVT-00684,2026-07-28 15_47_42,21074-1,posture_transition,起立过程,STANDING_UP,standing up,interval,两者,v3,1443286.0,1458640.0,15354.0,546C50CA07D0-21074-1,546C50CA07D0,hiv00174.mp4,single_annotator,True
EVT-00685,2026-07-28 15_47_42,21074-1,body_state,站立,STANDING,standing,interval,两者,v3,1458640.0,1724077.0,265437.0,546C50CA07D0-21074-1,546C50CA07D0,hiv00174.mp4,single_annotator,True
EVT-00686,2026-07-28 15_47_42,21074-1,body_state,站立,STANDING,standing,interval,两者,v3,1909148.0,2005070.0,95922.0,546C50CA07D0-21074-1,546C50CA07D0,hiv00174.mp4,single_annotator,True
EVT-00687,2026-07-28 15_47_42,21074-1,posture_transition,卧倒过程,LYING_DOWN,lying down,interval,两者,v3,2005070.0,2025379.0,20309.0,546C50CA07D0-21074-1,546C50CA07D0,hiv00174.mp4,single_annotator,True
EVT-00688,2026-07-28 15_47_42,21074-1,body_state,躺卧,LYING,lying,interval,两者,v3,2025379.0,2722365.0,696986.0,546C50CA07D0-21074-1,546C50CA07D0,hiv00174.mp4,single_annotator,True
EVT-00689,2026-07-28 15_47_42,21074-1,body_state,躺卧,LYING,lying,interval,两者,v3,2723595.0,3599973.0,876378.0,546C50CA07D0-21074-1,546C50CA07D0,hiv00174.mp4,single_annotator,True
EVT-00690,2026-07-28 16_53_58,21074-1,body_state,躺卧,LYING,lying,interval,两者,v3,0.0,775044.0,775044.0,546C50CA07D0-21074-1,546C50CA07D0,hiv00182.mp4,single_annotator,True
EVT-00691,2026-07-28 16_53_58,21074-1,body_state,躺卧,LYING,lying,interval,两者,v3,776186.0,778154.0,1968.0,546C50CA07D0-21074-1,546C50CA07D0,hiv00182.mp4,single_annotator,True
EVT-00692,2026-07-28 16_53_58,21074-1,body_state,躺卧,LYING,lying,interval,两者,v3,778154.0,1394630.0,616476.0,546C50CA07D0-21074-1,546C50CA07D0,hiv00182.mp4,single_annotator,True
EVT-00693,2026-07-28 16_53_58,21074-1,posture_transition,起立过程,STANDING_UP,standing up,interval,两者,v3,1402300.0,1427880.0,25580.0,546C50CA07D0-21074-1,546C50CA07D0,hiv00182.mp4,single_annotator,True
EVT-00694,2026-07-28 16_53_58,21074-1,body_state,站立,STANDING,standing,interval,两者,v3,1435560.0,1882844.0,447284.0,546C50CA07D0-21074-1,546C50CA07D0,hiv00182.mp4,single_annotator,True
EVT-00695,2026-07-28 16_53_58,21074-1,body_state,站立,STANDING,standing,interval,两者,v3,1884149.0,1941897.0,57748.0,546C50CA07D0-21074-1,546C50CA07D0,hiv00182.mp4,single_annotator,True
EVT-00696,2026-07-28 16_53_58,21074-1,body_state,行走,WALKING,walking,interval,两者,v3,1971872.0,1984402.0,12530.0,546C50CA07D0-21074-1,546C50CA07D0,hiv00182.mp4,single_annotator,True
EVT-00697,2026-07-28 16_53_58,21074-1,body_state,行走,WALKING,walking,interval,两者,v3,1994481.0,2012462.0,17981.0,546C50CA07D0-21074-1,546C50CA07D0,hiv00182.mp4,single_annotator,True
EVT-00698,2026-07-28 16_53_58,21074-1,body_state,站立,STANDING,standing,interval,两者,v3,2012462.0,2109253.0,96791.0,546C50CA07D0-21074-1,546C50CA07D0,hiv00182.mp4,single_annotator,True
EVT-00699,2026-07-28 16_53_58,21074-1,body_state,行走,WALKING,walking,interval,两者,v3,2109253.0,2122042.0,12789.0,546C50CA07D0-21074-1,546C50CA07D0,hiv00182.mp4,single_annotator,True
EVT-00700,2026-07-28 16_53_58,21074-1,body_state,站立,STANDING,standing,interval,两者,v3,2122042.0,2158820.0,36778.0,546C50CA07D0-21074-1,546C50CA07D0,hiv00182.mp4,single_annotator,True
EVT-00701,2026-07-28 16_53_58,21074-1,body_state,行走,WALKING,walking,interval,两者,v3,2212449.0,2232912.0,20463.0,546C50CA07D0-21074-1,546C50CA07D0,hiv00182.mp4,single_annotator,True
EVT-00702,2026-07-28 16_53_58,21074-1,body_state,站立,STANDING,standing,interval,两者,v3,2243144.0,2313918.0,70774.0,546C50CA07D0-21074-1,546C50CA07D0,hiv00182.mp4,single_annotator,True
EVT-00703,2026-07-28 16_53_58,21074-1,objective_event,排尿,URINATION,urination,interval,两者,v3,2326734.0,2351608.0,24874.0,546C50CA07D0-21074-1,546C50CA07D0,hiv00182.mp4,preferred_annotator,True
EVT-00704,2026-07-28 16_53_58,21074-1,body_state,站立,STANDING,standing,interval,两者,v3,2356413.0,2397327.0,40914.0,546C50CA07D0-21074-1,546C50CA07D0,hiv00182.mp4,single_annotator,True
EVT-00705,2026-07-28 16_53_58,21074-1,body_state,行走,WALKING,walking,interval,两者,v3,2398943.0,2426590.0,27647.0,546C50CA07D0-21074-1,546C50CA07D0,hiv00182.mp4,single_annotator,True
EVT-00706,2026-07-28 16_53_58,21074-1,body_state,采食,FEEDING,feeding,interval,两者,v3,2426590.0,2665619.0,239029.0,546C50CA07D0-21074-1,546C50CA07D0,hiv00182.mp4,single_annotator,True
EVT-00707,2026-07-28 16_53_58,21074-1,body_state,站立,STANDING,standing,interval,两者,v3,2690138.0,2754226.0,64088.0,546C50CA07D0-21074-1,546C50CA07D0,hiv00182.mp4,single_annotator,True
EVT-00708,2026-07-28 16_53_58,21074-1,body_state,采食,FEEDING,feeding,interval,两者,v3,2812814.0,2929717.0,116903.0,546C50CA07D0-21074-1,546C50CA07D0,hiv00182.mp4,single_annotator,True
EVT-00709,2026-07-28 16_53_58,21074-1,body_state,采食,FEEDING,feeding,interval,两者,v3,2955131.0,3445971.0,490840.0,546C50CA07D0-21074-1,546C50CA07D0,hiv00182.mp4,single_annotator,True
EVT-00710,2026-07-28 16_53_58,21074-1,body_state,采食,FEEDING,feeding,interval,两者,v3,3532950.0,3599985.0,67035.0,546C50CA07D0-21074-1,546C50CA07D0,hiv00182.mp4,single_annotator,True
EVT-00711,2026-07-28 18_00_15,21074-1,body_state,采食,FEEDING,feeding,interval,两者,v3,40521.0,419149.0,378628.0,546C50CA07D0-21074-1,546C50CA07D0,hiv00189.mp4,single_annotator,True
EVT-00712,2026-07-28 18_00_15,21074-1,body_state,采食,FEEDING,feeding,interval,两者,v3,429569.0,1091866.0,662297.0,546C50CA07D0-21074-1,546C50CA07D0,hiv00189.mp4,single_annotator,True
EVT-00713,2026-07-28 18_00_15,21074-1,body_state,采食,FEEDING,feeding,interval,两者,v3,1143250.0,1384893.0,241643.0,546C50CA07D0-21074-1,546C50CA07D0,hiv00189.mp4,single_annotator,True
EVT-00714,2026-07-28 18_00_15,21074-1,body_state,行走,WALKING,walking,interval,两者,v3,1386962.0,1417177.0,30215.0,546C50CA07D0-21074-1,546C50CA07D0,hiv00189.mp4,single_annotator,True
EVT-00715,2026-07-28 18_00_15,21074-1,body_state,采食,FEEDING,feeding,interval,两者,v3,1470010.0,1764687.0,294677.0,546C50CA07D0-21074-1,546C50CA07D0,hiv00189.mp4,single_annotator,True
EVT-00716,2026-07-28 18_00_15,21074-1,body_state,采食,FEEDING,feeding,interval,两者,v3,1765089.0,1882275.0,117186.0,546C50CA07D0-21074-1,546C50CA07D0,hiv00189.mp4,single_annotator,True
EVT-00717,2026-07-28 18_00_15,21074-1,body_state,采食,FEEDING,feeding,interval,两者,v3,1917697.0,1976446.0,58749.0,546C50CA07D0-21074-1,546C50CA07D0,hiv00189.mp4,single_annotator,True
EVT-00718,2026-07-28 18_00_15,21074-1,body_state,采食,FEEDING,feeding,interval,两者,v3,2001625.0,2114805.0,113180.0,546C50CA07D0-21074-1,546C50CA07D0,hiv00189.mp4,single_annotator,True
EVT-00719,2026-07-28 18_00_15,21074-1,posture_transition,卧倒过程,LYING_DOWN,lying down,interval,两者,v3,2209534.0,2227522.0,17988.0,546C50CA07D0-21074-1,546C50CA07D0,hiv00189.mp4,single_annotator,True
EVT-00720,2026-07-28 18_00_15,21074-1,body_state,躺卧,LYING,lying,interval,两者,v3,2227522.0,3460676.0,1233154.0,546C50CA07D0-21074-1,546C50CA07D0,hiv00189.mp4,single_annotator,True
EVT-00721,2026-07-28 18_00_15,21074-1,body_state,躺卧,LYING,lying,interval,两者,v3,3462388.0,3599990.0,137602.0,546C50CA07D0-21074-1,546C50CA07D0,hiv00189.mp4,single_annotator,True
EVT-00722,2026-07-28 19_06_15,21074-1,body_state,躺卧,LYING,lying,interval,两者,v3,461839.0,1415116.0,953277.0,546C50CA07D0-21074-1,546C50CA07D0,hiv00197.mp4,single_annotator,True
EVT-00723,2026-07-28 19_06_15,21074-1,body_state,躺卧,LYING,lying,interval,两者,v3,1416238.0,2367987.0,951749.0,546C50CA07D0-21074-1,546C50CA07D0,hiv00197.mp4,single_annotator,True
EVT-00724,2026-07-28 19_06_15,21074-1,body_state,躺卧,LYING,lying,interval,两者,v3,2370856.0,2465922.0,95066.0,546C50CA07D0-21074-1,546C50CA07D0,hiv00197.mp4,single_annotator,True
EVT-00725,2026-07-28 19_06_15,21074-1,posture_transition,起立过程,STANDING_UP,standing up,interval,两者,v3,2469224.0,2492286.0,23062.0,546C50CA07D0-21074-1,546C50CA07D0,hiv00197.mp4,single_annotator,True
EVT-00726,2026-07-28 19_06_15,21074-1,body_state,站立,STANDING,standing,interval,两者,v3,2492286.0,2843912.0,351626.0,546C50CA07D0-21074-1,546C50CA07D0,hiv00197.mp4,single_annotator,True
EVT-00727,2026-07-28 19_06_15,21074-1,objective_event,排尿,URINATION,urination,interval,两者,v3,2841350.0,2892505.0,51155.0,546C50CA07D0-21074-1,546C50CA07D0,hiv00197.mp4,single_annotator,True
EVT-00728,2026-07-28 19_06_15,21074-1,body_state,站立,STANDING,standing,interval,两者,v3,2892505.0,3009998.0,117493.0,546C50CA07D0-21074-1,546C50CA07D0,hiv00197.mp4,single_annotator,True
EVT-00729,2026-07-28 19_06_15,21074-1,tail_action,抬尾,TAIL_RAISED,tail raised,interval,两者,v3,3014797.0,3048054.0,33257.0,546C50CA07D0-21074-1,546C50CA07D0,hiv00197.mp4,single_annotator,True
EVT-00730,2026-07-28 19_06_15,21074-1,body_state,站立,STANDING,standing,interval,两者,v3,3048054.0,3095619.0,47565.0,546C50CA07D0-21074-1,546C50CA07D0,hiv00197.mp4,single_annotator,True
EVT-00731,2026-07-28 19_06_15,21074-1,body_state,站立,STANDING,standing,interval,两者,v3,3118693.0,3172513.0,53820.0,546C50CA07D0-21074-1,546C50CA07D0,hiv00197.mp4,single_annotator,True
EVT-00732,2026-07-28 19_06_15,21074-1,body_state,行走,WALKING,walking,interval,两者,v3,3172513.0,3197996.0,25483.0,546C50CA07D0-21074-1,546C50CA07D0,hiv00197.mp4,single_annotator,True
EVT-00733,2026-07-28 19_06_15,21074-1,body_state,站立,STANDING,standing,interval,两者,v3,3203154.0,3311904.0,108750.0,546C50CA07D0-21074-1,546C50CA07D0,hiv00197.mp4,single_annotator,True
EVT-00734,2026-07-28 19_06_15,21074-1,body_state,行走,WALKING,walking,interval,两者,v3,3330201.0,3345171.0,14970.0,546C50CA07D0-21074-1,546C50CA07D0,hiv00197.mp4,single_annotator,True
EVT-00735,2026-07-28 19_06_15,21074-1,body_state,站立,STANDING,standing,interval,两者,v3,3363088.0,3456043.0,92955.0,546C50CA07D0-21074-1,546C50CA07D0,hiv00197.mp4,single_annotator,True
EVT-00736,2026-07-28 19_06_15,21074-1,body_state,行走,WALKING,walking,interval,两者,v3,3517420.0,3530138.0,12718.0,546C50CA07D0-21074-1,546C50CA07D0,hiv00197.mp4,single_annotator,True
EVT-00737,2026-07-28 19_06_15,21074-1,body_state,站立,STANDING,standing,interval,两者,v3,3530138.0,3599983.0,69845.0,546C50CA07D0-21074-1,546C50CA07D0,hiv00197.mp4,single_annotator,True
EVT-00738,2026-07-28 20_12_25,21074-1,body_state,站立,STANDING,standing,interval,两者,v3,0.0,180383.0,180383.0,546C50CA07D0-21074-1,546C50CA07D0,hiv00205.mp4,single_annotator,True
EVT-00739,2026-07-28 20_12_25,21074-1,body_state,行走,WALKING,walking,interval,两者,v3,184064.0,196856.0,12792.0,546C50CA07D0-21074-1,546C50CA07D0,hiv00205.mp4,single_annotator,True
EVT-00740,2026-07-28 20_12_25,21074-1,body_state,站立,STANDING,standing,interval,两者,v3,214684.0,242964.0,28280.0,546C50CA07D0-21074-1,546C50CA07D0,hiv00205.mp4,single_annotator,True
EVT-00741,2026-07-28 20_12_25,21074-1,body_state,行走,WALKING,walking,interval,两者,v3,243126.0,252295.0,9169.0,546C50CA07D0-21074-1,546C50CA07D0,hiv00205.mp4,single_annotator,True
EVT-00742,2026-07-28 20_12_25,21074-1,body_state,站立,STANDING,standing,interval,两者,v3,265036.0,313693.0,48657.0,546C50CA07D0-21074-1,546C50CA07D0,hiv00205.mp4,single_annotator,True
EVT-00743,2026-07-28 20_12_25,21074-1,body_state,站立,STANDING,standing,interval,两者,v3,327524.0,376191.0,48667.0,546C50CA07D0-21074-1,546C50CA07D0,hiv00205.mp4,single_annotator,True
EVT-00744,2026-07-28 20_12_25,21074-1,body_state,站立,STANDING,standing,interval,两者,v3,401766.0,548267.0,146501.0,546C50CA07D0-21074-1,546C50CA07D0,hiv00205.mp4,single_annotator,True
EVT-00745,2026-07-28 20_12_25,21074-1,body_state,站立,STANDING,standing,interval,两者,v3,558486.0,669374.0,110888.0,546C50CA07D0-21074-1,546C50CA07D0,hiv00205.mp4,single_annotator,True
EVT-00746,2026-07-28 20_12_25,21074-1,body_state,站立,STANDING,standing,interval,两者,v3,677213.0,1053518.0,376305.0,546C50CA07D0-21074-1,546C50CA07D0,hiv00205.mp4,single_annotator,True
EVT-00747,2026-07-28 20_12_25,21074-1,body_state,站立,STANDING,standing,interval,两者,v3,1243194.0,1271503.0,28309.0,546C50CA07D0-21074-1,546C50CA07D0,hiv00205.mp4,single_annotator,True
EVT-00748,2026-07-28 20_12_25,21074-1,body_state,站立,STANDING,standing,interval,两者,v3,1272756.0,1393263.0,120507.0,546C50CA07D0-21074-1,546C50CA07D0,hiv00205.mp4,single_annotator,True
EVT-00749,2026-07-28 20_12_25,21074-1,body_state,站立,STANDING,standing,interval,两者,v3,1405871.0,1475648.0,69777.0,546C50CA07D0-21074-1,546C50CA07D0,hiv00205.mp4,single_annotator,True
EVT-00750,2026-07-28 20_12_25,21074-1,body_state,站立,STANDING,standing,interval,两者,v3,1475648.0,1608572.0,132924.0,546C50CA07D0-21074-1,546C50CA07D0,hiv00205.mp4,single_annotator,True
EVT-00751,2026-07-28 20_12_25,21074-1,body_state,站立,STANDING,standing,interval,两者,v3,1626553.0,1662447.0,35894.0,546C50CA07D0-21074-1,546C50CA07D0,hiv00205.mp4,single_annotator,True
EVT-00752,2026-07-28 20_12_25,21074-1,body_state,行走,WALKING,walking,interval,两者,v3,1690656.0,1711111.0,20455.0,546C50CA07D0-21074-1,546C50CA07D0,hiv00205.mp4,single_annotator,True
EVT-00753,2026-07-28 20_12_25,21074-1,objective_event,排便,DEFECATION,defecation,interval,两者,v3,1712822.0,1745541.0,32719.0,546C50CA07D0-21074-1,546C50CA07D0,hiv00205.mp4,single_annotator,True
EVT-00754,2026-07-28 20_12_25,21074-1,body_state,站立,STANDING,standing,interval,两者,v3,1750214.0,1906783.0,156569.0,546C50CA07D0-21074-1,546C50CA07D0,hiv00205.mp4,single_annotator,True
EVT-00755,2026-07-28 20_12_25,21074-1,objective_event,排尿,URINATION,urination,interval,两者,v3,1909912.0,1956030.0,46118.0,546C50CA07D0-21074-1,546C50CA07D0,hiv00205.mp4,single_annotator,True
EVT-00756,2026-07-28 20_12_25,21074-1,body_state,站立,STANDING,standing,interval,两者,v3,1956030.0,2045543.0,89513.0,546C50CA07D0-21074-1,546C50CA07D0,hiv00205.mp4,single_annotator,True
EVT-00757,2026-07-28 20_12_25,21074-1,body_state,行走,WALKING,walking,interval,两者,v3,2045543.0,2073599.0,28056.0,546C50CA07D0-21074-1,546C50CA07D0,hiv00205.mp4,single_annotator,True
EVT-00758,2026-07-28 20_12_25,21074-1,body_state,站立,STANDING,standing,interval,两者,v3,2078797.0,2227203.0,148406.0,546C50CA07D0-21074-1,546C50CA07D0,hiv00205.mp4,single_annotator,True
EVT-00759,2026-07-28 20_12_25,21074-1,body_state,站立,STANDING,standing,interval,两者,v3,2227225.0,2318217.0,90992.0,546C50CA07D0-21074-1,546C50CA07D0,hiv00205.mp4,single_annotator,True
EVT-00760,2026-07-28 20_12_25,21074-1,body_state,站立,STANDING,standing,interval,两者,v3,2333556.0,3185305.0,851749.0,546C50CA07D0-21074-1,546C50CA07D0,hiv00205.mp4,single_annotator,True
EVT-00761,2026-07-28 20_12_25,21074-1,body_state,站立,STANDING,standing,interval,两者,v3,3186660.0,3599984.0,413324.0,546C50CA07D0-21074-1,546C50CA07D0,hiv00205.mp4,single_annotator,True
EVT-00762,2026-07-28 21_18_41,21074-1,body_state,站立,STANDING,standing,interval,两者,v3,0.0,143624.0,143624.0,546C50CA07D0-21074-1,546C50CA07D0,hiv00213.mp4,single_annotator,True
EVT-00763,2026-07-28 21_18_41,21074-1,objective_event,排尿,URINATION,urination,interval,两者,v3,144289.0,175779.0,31490.0,546C50CA07D0-21074-1,546C50CA07D0,hiv00213.mp4,preferred_annotator,True
EVT-00764,2026-07-28 21_18_41,21074-1,body_state,站立,STANDING,standing,interval,两者,v3,197472.0,564750.0,367278.0,546C50CA07D0-21074-1,546C50CA07D0,hiv00213.mp4,single_annotator,True
EVT-00765,2026-07-28 21_18_41,21074-1,body_state,行走,WALKING,walking,interval,两者,v3,564750.0,618411.0,53661.0,546C50CA07D0-21074-1,546C50CA07D0,hiv00213.mp4,single_annotator,True
EVT-00766,2026-07-28 21_18_41,21074-1,body_state,行走,WALKING,walking,interval,两者,v3,620955.0,646502.0,25547.0,546C50CA07D0-21074-1,546C50CA07D0,hiv00213.mp4,single_annotator,True
EVT-00767,2026-07-28 21_18_41,21074-1,body_state,行走,WALKING,walking,interval,两者,v3,669300.0,682080.0,12780.0,546C50CA07D0-21074-1,546C50CA07D0,hiv00213.mp4,single_annotator,True
EVT-00768,2026-07-28 21_18_41,21074-1,body_state,行走,WALKING,walking,interval,两者,v3,682080.0,722929.0,40849.0,546C50CA07D0-21074-1,546C50CA07D0,hiv00213.mp4,single_annotator,True
EVT-00769,2026-07-28 21_18_41,21074-1,body_state,站立,STANDING,standing,interval,两者,v3,1795124.0,1808010.0,12886.0,546C50CA07D0-21074-1,546C50CA07D0,hiv00213.mp4,single_annotator,True
EVT-00770,2026-07-28 21_18_41,21074-1,body_state,采食,FEEDING,feeding,interval,两者,v3,1818438.0,2106536.0,288098.0,546C50CA07D0-21074-1,546C50CA07D0,hiv00213.mp4,single_annotator,True
EVT-00771,2026-07-28 21_18_41,21074-1,body_state,采食,FEEDING,feeding,interval,两者,v3,2106953.0,2236318.0,129365.0,546C50CA07D0-21074-1,546C50CA07D0,hiv00213.mp4,single_annotator,True
EVT-00772,2026-07-28 21_18_41,21074-1,body_state,采食,FEEDING,feeding,interval,两者,v3,2272280.0,2285069.0,12789.0,546C50CA07D0-21074-1,546C50CA07D0,hiv00213.mp4,single_annotator,True
EVT-00773,2026-07-28 21_18_41,21074-1,body_state,行走,WALKING,walking,interval,两者,v3,2286975.0,2299766.0,12791.0,546C50CA07D0-21074-1,546C50CA07D0,hiv00213.mp4,single_annotator,True
EVT-00774,2026-07-28 21_18_41,21074-1,body_state,站立,STANDING,standing,interval,两者,v3,2304965.0,2380747.0,75782.0,546C50CA07D0-21074-1,546C50CA07D0,hiv00213.mp4,single_annotator,True
EVT-00775,2026-07-28 21_18_41,21074-1,posture_transition,卧倒过程,LYING_DOWN,lying down,interval,两者,v3,2384661.0,2390414.0,5753.0,546C50CA07D0-21074-1,546C50CA07D0,hiv00213.mp4,preferred_annotator,True
EVT-00776,2026-07-28 21_18_41,21074-1,body_state,躺卧,LYING,lying,interval,两者,v3,2396093.0,2970299.0,574206.0,546C50CA07D0-21074-1,546C50CA07D0,hiv00213.mp4,single_annotator,True
EVT-00777,2026-07-28 21_18_41,21074-1,posture_transition,起立过程,STANDING_UP,standing up,interval,两者,v3,2975738.0,2986034.0,10296.0,546C50CA07D0-21074-1,546C50CA07D0,hiv00213.mp4,preferred_annotator,True
EVT-00778,2026-07-28 21_18_41,21074-1,body_state,站立,STANDING,standing,interval,两者,v3,2993335.0,3062946.0,69611.0,546C50CA07D0-21074-1,546C50CA07D0,hiv00213.mp4,single_annotator,True
EVT-00779,2026-07-28 21_18_41,21074-1,body_state,站立,STANDING,standing,interval,两者,v3,3066285.0,3139295.0,73010.0,546C50CA07D0-21074-1,546C50CA07D0,hiv00213.mp4,single_annotator,True
EVT-00780,2026-07-28 21_18_41,21074-1,posture_transition,卧倒过程,LYING_DOWN,lying down,interval,两者,v3,3149569.0,3154332.0,4763.0,546C50CA07D0-21074-1,546C50CA07D0,hiv00213.mp4,preferred_annotator,True
EVT-00781,2026-07-28 21_18_41,21074-1,body_state,躺卧,LYING,lying,interval,两者,v3,3161828.0,3599988.0,438160.0,546C50CA07D0-21074-1,546C50CA07D0,hiv00213.mp4,single_annotator,True
EVT-00782,2026-07-28 22_25_06,21074-1,body_state,躺卧,LYING,lying,interval,两者,v3,40762.0,997402.0,956640.0,546C50CA07D0-21074-1,546C50CA07D0,hiv00221.mp4,single_annotator,True
EVT-00783,2026-07-28 22_25_06,21074-1,body_state,躺卧,LYING,lying,interval,两者,v3,999914.0,1609729.0,609815.0,546C50CA07D0-21074-1,546C50CA07D0,hiv00221.mp4,single_annotator,True
EVT-00784,2026-07-28 22_25_06,21074-1,body_state,躺卧,LYING,lying,interval,两者,v3,1656002.0,1956940.0,300938.0,546C50CA07D0-21074-1,546C50CA07D0,hiv00221.mp4,single_annotator,True
EVT-00785,2026-07-28 22_25_06,21074-1,body_state,躺卧,LYING,lying,interval,两者,v3,1959135.0,2911783.0,952648.0,546C50CA07D0-21074-1,546C50CA07D0,hiv00221.mp4,single_annotator,True
EVT-00786,2026-07-28 22_25_06,21074-1,body_state,躺卧,LYING,lying,interval,两者,v3,2913465.0,3599990.0,686525.0,546C50CA07D0-21074-1,546C50CA07D0,hiv00221.mp4,single_annotator,True
EVT-00787,2026-07-28 23_31_05,21074-1,body_state,躺卧,LYING,lying,interval,两者,v3,0.0,81764.0,81764.0,546C50CA07D0-21074-1,546C50CA07D0,hiv00230.mp4,single_annotator,True
EVT-00788,2026-07-28 23_31_05,21074-1,posture_transition,起立过程,STANDING_UP,standing up,interval,两者,v3,80548.0,98748.0,18200.0,546C50CA07D0-21074-1,546C50CA07D0,hiv00230.mp4,preferred_annotator,True
EVT-00789,2026-07-28 23_31_05,21074-1,body_state,站立,STANDING,standing,interval,两者,v3,102175.0,323742.0,221567.0,546C50CA07D0-21074-1,546C50CA07D0,hiv00230.mp4,single_annotator,True
EVT-00790,2026-07-28 23_31_05,21074-1,objective_event,排尿,URINATION,urination,interval,两者,v3,328711.0,359914.0,31203.0,546C50CA07D0-21074-1,546C50CA07D0,hiv00230.mp4,preferred_annotator,True
EVT-00791,2026-07-28 23_31_05,21074-1,body_state,站立,STANDING,standing,interval,两者,v3,380091.0,515555.0,135464.0,546C50CA07D0-21074-1,546C50CA07D0,hiv00230.mp4,single_annotator,True
EVT-00792,2026-07-28 23_31_05,21074-1,posture_transition,卧倒过程,LYING_DOWN,lying down,interval,两者,v3,522494.0,527945.0,5451.0,546C50CA07D0-21074-1,546C50CA07D0,hiv00230.mp4,preferred_annotator,True
EVT-00793,2026-07-28 23_31_05,21074-1,body_state,躺卧,LYING,lying,interval,两者,v3,863465.0,1258418.0,394953.0,546C50CA07D0-21074-1,546C50CA07D0,hiv00230.mp4,single_annotator,True
EVT-00794,2026-07-28 23_31_05,21074-1,body_state,躺卧,LYING,lying,interval,两者,v3,1321320.0,1421879.0,100559.0,546C50CA07D0-21074-1,546C50CA07D0,hiv00230.mp4,single_annotator,True
EVT-00795,2026-07-28 23_31_05,21074-1,posture_transition,起立过程,STANDING_UP,standing up,interval,两者,v3,1422380.0,1438974.0,16594.0,546C50CA07D0-21074-1,546C50CA07D0,hiv00230.mp4,preferred_annotator,True
EVT-00796,2026-07-28 23_31_05,21074-1,body_state,站立,STANDING,standing,interval,两者,v3,1452663.0,1816509.0,363846.0,546C50CA07D0-21074-1,546C50CA07D0,hiv00230.mp4,single_annotator,True
EVT-00797,2026-07-28 23_31_05,21074-1,body_state,站立,STANDING,standing,interval,两者,v3,1817806.0,2285752.0,467946.0,546C50CA07D0-21074-1,546C50CA07D0,hiv00230.mp4,single_annotator,True
EVT-00798,2026-07-28 23_31_05,21074-1,body_state,站立,STANDING,standing,interval,两者,v3,2303577.0,2677398.0,373821.0,546C50CA07D0-21074-1,546C50CA07D0,hiv00230.mp4,single_annotator,True
EVT-00799,2026-07-28 23_31_05,21074-1,objective_event,排尿,URINATION,urination,interval,两者,v3,2682350.0,2717396.0,35046.0,546C50CA07D0-21074-1,546C50CA07D0,hiv00230.mp4,preferred_annotator,True
EVT-00800,2026-07-28 23_31_05,21074-1,body_state,站立,STANDING,standing,interval,两者,v3,2738160.0,2769003.0,30843.0,546C50CA07D0-21074-1,546C50CA07D0,hiv00230.mp4,single_annotator,True
EVT-00801,2026-07-28 23_31_05,21074-1,body_state,站立,STANDING,standing,interval,两者,v3,2772121.0,3556107.0,783986.0,546C50CA07D0-21074-1,546C50CA07D0,hiv00230.mp4,single_annotator,True
EVT-00802,2026-07-28 23_31_05,21074-1,tail_action,抬尾,TAIL_RAISED,tail raised,interval,两者,v3,3559674.0,3580254.0,20580.0,546C50CA07D0-21074-1,546C50CA07D0,hiv00230.mp4,preferred_annotator,True
EVT-00803,2026-07-29 00_37_26,21074-1,body_state,躺卧,LYING,lying,interval,两者,v3,704218.0,1663461.0,959243.0,546C50CA07D0-21074-1,546C50CA07D0,hiv00240.mp4,single_annotator,True
EVT-00804,2026-07-29 00_37_26,21074-1,body_state,躺卧,LYING,lying,interval,两者,v3,2617805.0,3570516.0,952711.0,546C50CA07D0-21074-1,546C50CA07D0,hiv00240.mp4,single_annotator,True
EVT-00805,2026-07-29 00_37_26,21074-1,body_state,躺卧,LYING,lying,interval,两者,v3,3572139.0,3599980.0,27841.0,546C50CA07D0-21074-1,546C50CA07D0,hiv00240.mp4,single_annotator,True
EVT-00806,2026-07-29 01_43_28,21074-1,body_state,躺卧,LYING,lying,interval,两者,v3,0.0,563630.0,563630.0,546C50CA07D0-21074-1,546C50CA07D0,hiv00248.mp4,single_annotator,True
EVT-00807,2026-07-29 01_43_28,21074-1,body_state,躺卧,LYING,lying,interval,两者,v3,564658.0,881500.0,316842.0,546C50CA07D0-21074-1,546C50CA07D0,hiv00248.mp4,single_annotator,True
EVT-00808,2026-07-29 01_43_28,21074-1,posture_transition,起立过程,STANDING_UP,standing up,interval,两者,v3,881500.0,922372.0,40872.0,546C50CA07D0-21074-1,546C50CA07D0,hiv00248.mp4,single_annotator,True
EVT-00809,2026-07-29 01_43_28,21074-1,body_state,站立,STANDING,standing,interval,两者,v3,922372.0,1106135.0,183763.0,546C50CA07D0-21074-1,546C50CA07D0,hiv00248.mp4,single_annotator,True
EVT-00810,2026-07-29 01_43_28,21074-1,objective_event,排尿,URINATION,urination,interval,两者,v3,1125068.0,1186699.0,61631.0,546C50CA07D0-21074-1,546C50CA07D0,hiv00248.mp4,single_annotator,True
EVT-00811,2026-07-29 01_43_28,21074-1,body_state,站立,STANDING,standing,interval,两者,v3,1186699.0,1518346.0,331647.0,546C50CA07D0-21074-1,546C50CA07D0,hiv00248.mp4,single_annotator,True
EVT-00812,2026-07-29 01_43_28,21074-1,body_state,站立,STANDING,standing,interval,两者,v3,1539248.0,2011956.0,472708.0,546C50CA07D0-21074-1,546C50CA07D0,hiv00248.mp4,single_annotator,True
EVT-00813,2026-07-29 01_43_28,21074-1,body_state,站立,STANDING,standing,interval,两者,v3,2042566.0,2387238.0,344672.0,546C50CA07D0-21074-1,546C50CA07D0,hiv00248.mp4,single_annotator,True
EVT-00814,2026-07-29 01_43_28,21074-1,body_state,行走,WALKING,walking,interval,两者,v3,2392273.0,2415120.0,22847.0,546C50CA07D0-21074-1,546C50CA07D0,hiv00248.mp4,single_annotator,True
EVT-00815,2026-07-29 01_43_28,21074-1,body_state,站立,STANDING,standing,interval,两者,v3,2476362.0,2481476.0,5114.0,546C50CA07D0-21074-1,546C50CA07D0,hiv00248.mp4,single_annotator,True
EVT-00816,2026-07-29 01_43_28,21074-1,body_state,站立,STANDING,standing,interval,两者,v3,2577573.0,2753835.0,176262.0,546C50CA07D0-21074-1,546C50CA07D0,hiv00248.mp4,single_annotator,True
EVT-00817,2026-07-29 01_43_28,21074-1,body_state,站立,STANDING,standing,interval,两者,v3,2839441.0,2915040.0,75599.0,546C50CA07D0-21074-1,546C50CA07D0,hiv00248.mp4,single_annotator,True
EVT-00818,2026-07-29 01_43_28,21074-1,body_state,行走,WALKING,walking,interval,两者,v3,2986981.0,3007364.0,20383.0,546C50CA07D0-21074-1,546C50CA07D0,hiv00248.mp4,single_annotator,True
EVT-00819,2026-07-29 01_43_28,21074-1,tail_action,抬尾,TAIL_RAISED,tail raised,interval,两者,v3,3014738.0,3034829.0,20091.0,546C50CA07D0-21074-1,546C50CA07D0,hiv00248.mp4,single_annotator,True
EVT-00820,2026-07-29 01_43_28,21074-1,body_state,行走,WALKING,walking,interval,两者,v3,3043505.0,3056526.0,13021.0,546C50CA07D0-21074-1,546C50CA07D0,hiv00248.mp4,single_annotator,True
EVT-00821,2026-07-29 01_43_28,21074-1,body_state,行走,WALKING,walking,interval,两者,v3,3092153.0,3112712.0,20559.0,546C50CA07D0-21074-1,546C50CA07D0,hiv00248.mp4,single_annotator,True
EVT-00822,2026-07-29 01_43_28,21074-1,body_state,行走,WALKING,walking,interval,两者,v3,3121186.0,3131407.0,10221.0,546C50CA07D0-21074-1,546C50CA07D0,hiv00248.mp4,single_annotator,True
EVT-00823,2026-07-29 01_43_28,21074-1,body_state,采食,FEEDING,feeding,interval,两者,v3,3141718.0,3435477.0,293759.0,546C50CA07D0-21074-1,546C50CA07D0,hiv00248.mp4,single_annotator,True
EVT-00824,2026-07-29 01_43_28,21074-1,body_state,采食,FEEDING,feeding,interval,两者,v3,3437526.0,3599980.0,162454.0,546C50CA07D0-21074-1,546C50CA07D0,hiv00248.mp4,single_annotator,True
EVT-00825,2026-07-29 02_49_42,21074-1,body_state,采食,FEEDING,feeding,interval,两者,v3,0.0,58547.0,58547.0,546C50CA07D0-21074-1,546C50CA07D0,hiv00256.mp4,single_annotator,True
EVT-00826,2026-07-29 02_49_42,21074-1,tail_action,抬尾,TAIL_RAISED,tail raised,interval,两者,v3,66369.0,93248.0,26879.0,546C50CA07D0-21074-1,546C50CA07D0,hiv00256.mp4,single_annotator,True
EVT-00827,2026-07-29 02_49_42,21074-1,body_state,采食,FEEDING,feeding,interval,两者,v3,108266.0,393856.0,285590.0,546C50CA07D0-21074-1,546C50CA07D0,hiv00256.mp4,single_annotator,True
EVT-00828,2026-07-29 02_49_42,21074-1,body_state,采食,FEEDING,feeding,interval,两者,v3,435032.0,998780.0,563748.0,546C50CA07D0-21074-1,546C50CA07D0,hiv00256.mp4,single_annotator,True
EVT-00829,2026-07-29 02_49_42,21074-1,objective_event,排尿,URINATION,urination,interval,两者,v3,1003661.0,1052325.0,48664.0,546C50CA07D0-21074-1,546C50CA07D0,hiv00256.mp4,single_annotator,True
EVT-00830,2026-07-29 02_49_42,21074-1,body_state,采食,FEEDING,feeding,interval,两者,v3,1052325.0,1379894.0,327569.0,546C50CA07D0-21074-1,546C50CA07D0,hiv00256.mp4,single_annotator,True
EVT-00831,2026-07-29 02_49_42,21074-1,body_state,采食,FEEDING,feeding,interval,两者,v3,1381609.0,1439673.0,58064.0,546C50CA07D0-21074-1,546C50CA07D0,hiv00256.mp4,single_annotator,True
EVT-00832,2026-07-29 02_49_42,21074-1,body_state,站立,STANDING,standing,interval,两者,v3,1466735.0,1510229.0,43494.0,546C50CA07D0-21074-1,546C50CA07D0,hiv00256.mp4,single_annotator,True
EVT-00833,2026-07-29 02_49_42,21074-1,body_state,行走,WALKING,walking,interval,两者,v3,1551353.0,1559893.0,8540.0,546C50CA07D0-21074-1,546C50CA07D0,hiv00256.mp4,single_annotator,True
EVT-00834,2026-07-29 02_49_42,21074-1,body_state,站立,STANDING,standing,interval,两者,v3,1571722.0,1605062.0,33340.0,546C50CA07D0-21074-1,546C50CA07D0,hiv00256.mp4,single_annotator,True
EVT-00835,2026-07-29 02_49_42,21074-1,body_state,站立,STANDING,standing,interval,两者,v3,1617825.0,1673852.0,56027.0,546C50CA07D0-21074-1,546C50CA07D0,hiv00256.mp4,single_annotator,True
EVT-00836,2026-07-29 02_49_42,21074-1,body_state,站立,STANDING,standing,interval,两者,v3,1722454.0,1772973.0,50519.0,546C50CA07D0-21074-1,546C50CA07D0,hiv00256.mp4,single_annotator,True
EVT-00837,2026-07-29 02_49_42,21074-1,body_state,站立,STANDING,standing,interval,两者,v3,1796147.0,1881436.0,85289.0,546C50CA07D0-21074-1,546C50CA07D0,hiv00256.mp4,single_annotator,True
EVT-00838,2026-07-29 02_49_42,21074-1,body_state,行走,WALKING,walking,interval,两者,v3,2244179.0,2262056.0,17877.0,546C50CA07D0-21074-1,546C50CA07D0,hiv00256.mp4,single_annotator,True
EVT-00839,2026-07-29 02_49_42,21074-1,body_state,行走,WALKING,walking,interval,两者,v3,2284390.0,2294691.0,10301.0,546C50CA07D0-21074-1,546C50CA07D0,hiv00256.mp4,single_annotator,True
EVT-00840,2026-07-29 02_49_42,21074-1,posture_transition,卧倒过程,LYING_DOWN,lying down,interval,两者,v3,2337650.0,2356841.0,19191.0,546C50CA07D0-21074-1,546C50CA07D0,hiv00256.mp4,single_annotator,True
EVT-00841,2026-07-29 02_49_42,21074-1,body_state,躺卧,LYING,lying,interval,两者,v3,2358577.0,3304766.0,946189.0,546C50CA07D0-21074-1,546C50CA07D0,hiv00256.mp4,single_annotator,True
EVT-00842,2026-07-29 02_49_42,21074-1,body_state,躺卧,LYING,lying,interval,两者,v3,3304908.0,3599987.0,295079.0,546C50CA07D0-21074-1,546C50CA07D0,hiv00256.mp4,single_annotator,True
EVT-00843,2026-07-29 03_55_44,21074-1,body_state,躺卧,LYING,lying,interval,两者,v3,0.0,296695.0,296695.0,546C50CA07D0-21074-1,546C50CA07D0,hiv00264.mp4,single_annotator,True
EVT-00844,2026-07-29 03_55_44,21074-1,body_state,躺卧,LYING,lying,interval,两者,v3,297311.0,348008.0,50697.0,546C50CA07D0-21074-1,546C50CA07D0,hiv00264.mp4,single_annotator,True
EVT-00845,2026-07-29 03_55_44,21074-1,posture_transition,起立过程,STANDING_UP,standing up,interval,两者,v3,353184.0,370264.0,17080.0,546C50CA07D0-21074-1,546C50CA07D0,hiv00264.mp4,single_annotator,True
EVT-00846,2026-07-29 03_55_44,21074-1,body_state,站立,STANDING,standing,interval,两者,v3,408438.0,557268.0,148830.0,546C50CA07D0-21074-1,546C50CA07D0,hiv00264.mp4,single_annotator,True
EVT-00847,2026-07-29 03_55_44,21074-1,body_state,站立,STANDING,standing,interval,两者,v3,897846.0,920867.0,23021.0,546C50CA07D0-21074-1,546C50CA07D0,hiv00264.mp4,single_annotator,True
EVT-00848,2026-07-29 03_55_44,21074-1,body_state,站立,STANDING,standing,interval,两者,v3,986721.0,1042919.0,56198.0,546C50CA07D0-21074-1,546C50CA07D0,hiv00264.mp4,single_annotator,True
EVT-00849,2026-07-29 03_55_44,21074-1,objective_event,排尿,URINATION,urination,interval,两者,v3,990634.0,1032723.0,42089.0,546C50CA07D0-21074-1,546C50CA07D0,hiv00264.mp4,single_annotator,True
EVT-00850,2026-07-29 03_55_44,21074-1,body_state,站立,STANDING,standing,interval,两者,v3,1272525.0,1341427.0,68902.0,546C50CA07D0-21074-1,546C50CA07D0,hiv00264.mp4,single_annotator,True
EVT-00851,2026-07-29 03_55_44,21074-1,body_state,站立,STANDING,standing,interval,两者,v3,1367162.0,1451410.0,84248.0,546C50CA07D0-21074-1,546C50CA07D0,hiv00264.mp4,single_annotator,True
EVT-00852,2026-07-29 03_55_44,21074-1,body_state,站立,STANDING,standing,interval,两者,v3,1481626.0,2214667.0,733041.0,546C50CA07D0-21074-1,546C50CA07D0,hiv00264.mp4,single_annotator,True
EVT-00853,2026-07-29 03_55_44,21074-1,body_state,站立,STANDING,standing,interval,两者,v3,2233728.0,2568390.0,334662.0,546C50CA07D0-21074-1,546C50CA07D0,hiv00264.mp4,single_annotator,True
EVT-00854,2026-07-29 03_55_44,21074-1,body_state,站立,STANDING,standing,interval,两者,v3,2614591.0,2769098.0,154507.0,546C50CA07D0-21074-1,546C50CA07D0,hiv00264.mp4,single_annotator,True
EVT-00855,2026-07-29 03_55_44,21074-1,objective_event,排尿,URINATION,urination,interval,两者,v3,2983047.0,3049499.0,66452.0,546C50CA07D0-21074-1,546C50CA07D0,hiv00264.mp4,single_annotator,True
EVT-00856,2026-07-29 03_55_44,21074-1,body_state,站立,STANDING,standing,interval,两者,v3,3174599.0,3241458.0,66859.0,546C50CA07D0-21074-1,546C50CA07D0,hiv00264.mp4,single_annotator,True
EVT-00857,2026-07-29 03_55_44,21074-1,body_state,行走,WALKING,walking,interval,两者,v3,3261060.0,3278703.0,17643.0,546C50CA07D0-21074-1,546C50CA07D0,hiv00264.mp4,single_annotator,True
EVT-00858,2026-07-29 03_55_44,21074-1,body_state,站立,STANDING,standing,interval,两者,v3,3299158.0,3364142.0,64984.0,546C50CA07D0-21074-1,546C50CA07D0,hiv00264.mp4,single_annotator,True
EVT-00859,2026-07-29 03_55_44,21074-1,body_state,站立,STANDING,standing,interval,两者,v3,3387223.0,3599982.0,212759.0,546C50CA07D0-21074-1,546C50CA07D0,hiv00264.mp4,single_annotator,True
EVT-00860,2026-07-29 05_02_01,21074-1,body_state,站立,STANDING,standing,interval,两者,v3,12896.0,149118.0,136222.0,546C50CA07D0-21074-1,546C50CA07D0,hiv00273.mp4,single_annotator,True
EVT-00861,2026-07-29 05_02_01,21074-1,body_state,行走,WALKING,walking,interval,两者,v3,266706.0,275866.0,9160.0,546C50CA07D0-21074-1,546C50CA07D0,hiv00273.mp4,single_annotator,True
EVT-00862,2026-07-29 05_02_01,21074-1,body_state,站立,STANDING,standing,interval,两者,v3,283527.0,356470.0,72943.0,546C50CA07D0-21074-1,546C50CA07D0,hiv00273.mp4,single_annotator,True
EVT-00863,2026-07-29 05_02_01,21074-1,body_state,行走,WALKING,walking,interval,两者,v3,362098.0,373558.0,11460.0,546C50CA07D0-21074-1,546C50CA07D0,hiv00273.mp4,single_annotator,True
EVT-00864,2026-07-29 05_02_01,21074-1,body_state,站立,STANDING,standing,interval,两者,v3,386380.0,461992.0,75612.0,546C50CA07D0-21074-1,546C50CA07D0,hiv00273.mp4,single_annotator,True
EVT-00865,2026-07-29 05_02_01,21074-1,posture_transition,卧倒过程,LYING_DOWN,lying down,interval,两者,v3,467273.0,500339.0,33066.0,546C50CA07D0-21074-1,546C50CA07D0,hiv00273.mp4,single_annotator,True
EVT-00866,2026-07-29 05_02_01,21074-1,body_state,躺卧,LYING,lying,interval,两者,v3,1124987.0,2106710.0,981723.0,546C50CA07D0-21074-1,546C50CA07D0,hiv00273.mp4,single_annotator,True
EVT-00867,2026-07-29 05_02_01,21074-1,body_state,躺卧,LYING,lying,interval,两者,v3,2108167.0,3095429.0,987262.0,546C50CA07D0-21074-1,546C50CA07D0,hiv00273.mp4,single_annotator,True
EVT-00868,2026-07-29 05_02_01,21074-1,body_state,躺卧,LYING,lying,interval,两者,v3,3103888.0,3599987.0,496099.0,546C50CA07D0-21074-1,546C50CA07D0,hiv00273.mp4,single_annotator,True
EVT-00869,2026-07-29 06_08_08,21074-1,body_state,躺卧,LYING,lying,interval,两者,v3,0.0,116547.0,116547.0,546C50CA07D0-21074-1,546C50CA07D0,hiv00281.mp4,single_annotator,True
EVT-00870,2026-07-29 06_08_08,21074-1,body_state,躺卧,LYING,lying,interval,两者,v3,117949.0,1110763.0,992814.0,546C50CA07D0-21074-1,546C50CA07D0,hiv00281.mp4,single_annotator,True
EVT-00871,2026-07-29 06_08_08,21074-1,body_state,躺卧,LYING,lying,interval,两者,v3,1110811.0,1148239.0,37428.0,546C50CA07D0-21074-1,546C50CA07D0,hiv00281.mp4,single_annotator,True
EVT-00872,2026-07-29 06_08_08,21074-1,posture_transition,起立过程,STANDING_UP,standing up,interval,两者,v3,1153508.0,1178864.0,25356.0,546C50CA07D0-21074-1,546C50CA07D0,hiv00281.mp4,single_annotator,True
EVT-00873,2026-07-29 06_08_08,21074-1,objective_event,排尿,URINATION,urination,interval,两者,v3,1257887.0,1308107.0,50220.0,546C50CA07D0-21074-1,546C50CA07D0,hiv00281.mp4,single_annotator,True
EVT-00874,2026-07-29 06_08_08,21074-1,body_state,站立,STANDING,standing,interval,两者,v3,1318492.0,1619358.0,300866.0,546C50CA07D0-21074-1,546C50CA07D0,hiv00281.mp4,single_annotator,True
EVT-00875,2026-07-29 06_08_08,21074-1,objective_event,排便,DEFECATION,defecation,interval,两者,v3,1621851.0,1644990.0,23139.0,546C50CA07D0-21074-1,546C50CA07D0,hiv00281.mp4,single_annotator,True
EVT-00876,2026-07-29 06_08_08,21074-1,body_state,行走,WALKING,walking,interval,两者,v3,1644990.0,1679370.0,34380.0,546C50CA07D0-21074-1,546C50CA07D0,hiv00281.mp4,single_annotator,True
EVT-00877,2026-07-29 06_08_08,21074-1,body_state,行走,WALKING,walking,interval,两者,v3,1690039.0,1728180.0,38141.0,546C50CA07D0-21074-1,546C50CA07D0,hiv00281.mp4,single_annotator,True
EVT-00878,2026-07-29 06_08_08,21074-1,body_state,行走,WALKING,walking,interval,两者,v3,1744214.0,1765276.0,21062.0,546C50CA07D0-21074-1,546C50CA07D0,hiv00281.mp4,single_annotator,True
EVT-00879,2026-07-29 06_08_08,21074-1,body_state,采食,FEEDING,feeding,interval,两者,v3,2955633.0,3115632.0,159999.0,546C50CA07D0-21074-1,546C50CA07D0,hiv00281.mp4,single_annotator,True
EVT-00880,2026-07-29 06_08_08,21074-1,body_state,采食,FEEDING,feeding,interval,两者,v3,3140810.0,3408088.0,267278.0,546C50CA07D0-21074-1,546C50CA07D0,hiv00281.mp4,single_annotator,True
EVT-00881,2026-07-29 06_08_08,21074-1,body_state,采食,FEEDING,feeding,interval,两者,v3,3438702.0,3599992.0,161290.0,546C50CA07D0-21074-1,546C50CA07D0,hiv00281.mp4,single_annotator,True
EVT-00882,2026-07-29 07_14_23,21074-1,body_state,采食,FEEDING,feeding,interval,两者,v3,0.0,130924.0,130924.0,546C50CA07D0-21074-1,546C50CA07D0,hiv00289.mp4,single_annotator,True
EVT-00883,2026-07-29 07_14_23,21074-1,body_state,采食,FEEDING,feeding,interval,两者,v3,144158.0,994392.0,850234.0,546C50CA07D0-21074-1,546C50CA07D0,hiv00289.mp4,single_annotator,True
EVT-00884,2026-07-29 07_14_23,21074-1,tail_action,抬尾,TAIL_RAISED,tail raised,interval,两者,v3,995124.0,1021175.0,26051.0,546C50CA07D0-21074-1,546C50CA07D0,hiv00289.mp4,single_annotator,True
EVT-00885,2026-07-29 07_14_23,21074-1,body_state,采食,FEEDING,feeding,interval,两者,v3,1038674.0,1129394.0,90720.0,546C50CA07D0-21074-1,546C50CA07D0,hiv00289.mp4,single_annotator,True
EVT-00886,2026-07-29 07_14_23,21074-1,body_state,采食,FEEDING,feeding,interval,两者,v3,1132084.0,1818157.0,686073.0,546C50CA07D0-21074-1,546C50CA07D0,hiv00289.mp4,single_annotator,True
EVT-00887,2026-07-29 07_14_23,21074-1,objective_event,排尿,URINATION,urination,interval,两者,v3,1832998.0,1885298.0,52300.0,546C50CA07D0-21074-1,546C50CA07D0,hiv00289.mp4,single_annotator,True
EVT-00888,2026-07-29 07_14_23,21074-1,body_state,站立,STANDING,standing,interval,两者,v3,1908075.0,2122738.0,214663.0,546C50CA07D0-21074-1,546C50CA07D0,hiv00289.mp4,single_annotator,True
EVT-00889,2026-07-29 07_14_23,21074-1,body_state,站立,STANDING,standing,interval,两者,v3,2150158.0,2391090.0,240932.0,546C50CA07D0-21074-1,546C50CA07D0,hiv00289.mp4,single_annotator,True
EVT-00890,2026-07-29 07_14_23,21074-1,tail_action,抬尾,TAIL_RAISED,tail raised,interval,两者,v3,2408905.0,2433706.0,24801.0,546C50CA07D0-21074-1,546C50CA07D0,hiv00289.mp4,single_annotator,True
EVT-00891,2026-07-29 07_14_23,21074-1,body_state,站立,STANDING,standing,interval,两者,v3,2461677.0,2521312.0,59635.0,546C50CA07D0-21074-1,546C50CA07D0,hiv00289.mp4,single_annotator,True
EVT-00892,2026-07-29 07_14_23,21074-1,body_state,行走,WALKING,walking,interval,两者,v3,2534102.0,2546399.0,12297.0,546C50CA07D0-21074-1,546C50CA07D0,hiv00289.mp4,single_annotator,True
EVT-00893,2026-07-29 07_14_23,21074-1,body_state,站立,STANDING,standing,interval,两者,v3,2546399.0,2658774.0,112375.0,546C50CA07D0-21074-1,546C50CA07D0,hiv00289.mp4,single_annotator,True
EVT-00894,2026-07-29 07_14_23,21074-1,body_state,站立,STANDING,standing,interval,两者,v3,2666461.0,2722174.0,55713.0,546C50CA07D0-21074-1,546C50CA07D0,hiv00289.mp4,single_annotator,True
EVT-00895,2026-07-29 07_14_23,21074-1,body_state,行走,WALKING,walking,interval,两者,v3,2722174.0,2742405.0,20231.0,546C50CA07D0-21074-1,546C50CA07D0,hiv00289.mp4,single_annotator,True
EVT-00896,2026-07-29 07_14_23,21074-1,body_state,站立,STANDING,standing,interval,两者,v3,2826238.0,3021106.0,194868.0,546C50CA07D0-21074-1,546C50CA07D0,hiv00289.mp4,single_annotator,True
EVT-00897,2026-07-29 07_14_23,21074-1,body_state,行走,WALKING,walking,interval,两者,v3,3021106.0,3044125.0,23019.0,546C50CA07D0-21074-1,546C50CA07D0,hiv00289.mp4,single_annotator,True
EVT-00898,2026-07-29 07_14_23,21074-1,body_state,站立,STANDING,standing,interval,两者,v3,3044125.0,3113345.0,69220.0,546C50CA07D0-21074-1,546C50CA07D0,hiv00289.mp4,single_annotator,True
EVT-00899,2026-07-29 07_14_23,21074-1,body_state,站立,STANDING,standing,interval,两者,v3,3130609.0,3300032.0,169423.0,546C50CA07D0-21074-1,546C50CA07D0,hiv00289.mp4,single_annotator,True
EVT-00900,2026-07-29 07_14_23,21074-1,body_state,采食,FEEDING,feeding,interval,两者,v3,3330637.0,3475977.0,145340.0,546C50CA07D0-21074-1,546C50CA07D0,hiv00289.mp4,single_annotator,True
EVT-00901,2026-07-29 07_14_23,21074-1,body_state,采食,FEEDING,feeding,interval,两者,v3,3509475.0,3599992.0,90517.0,546C50CA07D0-21074-1,546C50CA07D0,hiv00289.mp4,single_annotator,True
EVT-00902,2026-07-29 08_20_35,21074-1,body_state,采食,FEEDING,feeding,interval,两者,v3,0.0,99206.0,99206.0,546C50CA07D0-21074-1,546C50CA07D0,hiv00297.mp4,single_annotator,True
EVT-00903,2026-07-29 08_20_35,21074-1,body_state,采食,FEEDING,feeding,interval,两者,v3,181477.0,394247.0,212770.0,546C50CA07D0-21074-1,546C50CA07D0,hiv00297.mp4,single_annotator,True
EVT-00904,2026-07-29 08_20_35,21074-1,body_state,行走,WALKING,walking,interval,两者,v3,398538.0,416117.0,17579.0,546C50CA07D0-21074-1,546C50CA07D0,hiv00297.mp4,single_annotator,True
EVT-00905,2026-07-29 08_20_35,21074-1,body_state,站立,STANDING,standing,interval,两者,v3,428912.0,1062912.0,634000.0,546C50CA07D0-21074-1,546C50CA07D0,hiv00297.mp4,single_annotator,True
EVT-00906,2026-07-29 08_20_35,21074-1,objective_event,排尿,URINATION,urination,interval,两者,v3,1068473.0,1104523.0,36050.0,546C50CA07D0-21074-1,546C50CA07D0,hiv00297.mp4,single_annotator,True
EVT-00907,2026-07-29 08_20_35,21074-1,body_state,站立,STANDING,standing,interval,两者,v3,1104523.0,1145572.0,41049.0,546C50CA07D0-21074-1,546C50CA07D0,hiv00297.mp4,single_annotator,True
EVT-00908,2026-07-29 08_20_35,21074-1,body_state,站立,STANDING,standing,interval,两者,v3,1147985.0,1432887.0,284902.0,546C50CA07D0-21074-1,546C50CA07D0,hiv00297.mp4,single_annotator,True
EVT-00909,2026-07-29 08_20_35,21074-1,posture_transition,卧倒过程,LYING_DOWN,lying down,interval,两者,v3,1440566.0,1466139.0,25573.0,546C50CA07D0-21074-1,546C50CA07D0,hiv00297.mp4,single_annotator,True
EVT-00910,2026-07-29 08_20_35,21074-1,body_state,躺卧,LYING,lying,interval,两者,v3,1466139.0,2153207.0,687068.0,546C50CA07D0-21074-1,546C50CA07D0,hiv00297.mp4,single_annotator,True
EVT-00911,2026-07-29 08_20_35,21074-1,body_state,躺卧,LYING,lying,interval,两者,v3,2169072.0,2551151.0,382079.0,546C50CA07D0-21074-1,546C50CA07D0,hiv00297.mp4,single_annotator,True
EVT-00912,2026-07-29 08_20_35,21074-1,posture_transition,起立过程,STANDING_UP,standing up,interval,两者,v3,2554791.0,2567626.0,12835.0,546C50CA07D0-21074-1,546C50CA07D0,hiv00297.mp4,single_annotator,True
EVT-00913,2026-07-29 08_20_35,21074-1,body_state,站立,STANDING,standing,interval,两者,v3,2629725.0,2731404.0,101679.0,546C50CA07D0-21074-1,546C50CA07D0,hiv00297.mp4,single_annotator,True
EVT-00914,2026-07-29 08_20_35,21074-1,tail_action,抬尾,TAIL_RAISED,tail raised,interval,两者,v3,2748484.0,2763283.0,14799.0,546C50CA07D0-21074-1,546C50CA07D0,hiv00297.mp4,single_annotator,True
EVT-00915,2026-07-29 08_20_35,21074-1,body_state,站立,STANDING,standing,interval,两者,v3,2781114.0,2829776.0,48662.0,546C50CA07D0-21074-1,546C50CA07D0,hiv00297.mp4,single_annotator,True
EVT-00916,2026-07-29 08_20_35,21074-1,body_state,行走,WALKING,walking,interval,两者,v3,2836073.0,2843356.0,7283.0,546C50CA07D0-21074-1,546C50CA07D0,hiv00297.mp4,single_annotator,True
EVT-00917,2026-07-29 08_20_35,21074-1,body_state,采食,FEEDING,feeding,interval,两者,v3,2910198.0,2944442.0,34244.0,546C50CA07D0-21074-1,546C50CA07D0,hiv00297.mp4,single_annotator,True
EVT-00918,2026-07-29 08_20_35,21074-1,body_state,采食,FEEDING,feeding,interval,两者,v3,2977174.0,3066822.0,89648.0,546C50CA07D0-21074-1,546C50CA07D0,hiv00297.mp4,single_annotator,True
EVT-00919,2026-07-29 08_20_35,21074-1,body_state,行走,WALKING,walking,interval,两者,v3,3083482.0,3097023.0,13541.0,546C50CA07D0-21074-1,546C50CA07D0,hiv00297.mp4,single_annotator,True
EVT-00920,2026-07-29 08_20_35,21074-1,body_state,站立,STANDING,standing,interval,两者,v3,3104353.0,3155665.0,51312.0,546C50CA07D0-21074-1,546C50CA07D0,hiv00297.mp4,single_annotator,True
EVT-00921,2026-07-29 08_20_35,21074-1,body_state,站立,STANDING,standing,interval,两者,v3,3166896.0,3354320.0,187424.0,546C50CA07D0-21074-1,546C50CA07D0,hiv00297.mp4,single_annotator,True
EVT-00922,2026-07-29 08_20_35,21074-1,body_state,行走,WALKING,walking,interval,两者,v3,3354320.0,3366866.0,12546.0,546C50CA07D0-21074-1,546C50CA07D0,hiv00297.mp4,single_annotator,True
EVT-00923,2026-07-29 08_20_35,21074-1,objective_event,排尿,URINATION,urination,interval,两者,v3,3439164.0,3479741.0,40577.0,546C50CA07D0-21074-1,546C50CA07D0,hiv00297.mp4,single_annotator,True
EVT-00924,2026-07-29 09_26_42,21074-1,body_state,采食,FEEDING,feeding,interval,两者,v3,0.0,115459.0,115459.0,546C50CA07D0-21074-1,546C50CA07D0,hiv00305.mp4,single_annotator,True
EVT-00925,2026-07-29 09_26_42,21074-1,body_state,站立,STANDING,standing,interval,两者,v3,210124.0,566120.0,355996.0,546C50CA07D0-21074-1,546C50CA07D0,hiv00305.mp4,single_annotator,True
EVT-00926,2026-07-29 09_26_42,21074-1,body_state,行走,WALKING,walking,interval,两者,v3,569460.0,582367.0,12907.0,546C50CA07D0-21074-1,546C50CA07D0,hiv00305.mp4,single_annotator,True
EVT-00927,2026-07-29 09_26_42,21074-1,body_state,站立,STANDING,standing,interval,两者,v3,600753.0,735594.0,134841.0,546C50CA07D0-21074-1,546C50CA07D0,hiv00305.mp4,single_annotator,True
EVT-00928,2026-07-29 09_26_42,21074-1,posture_transition,卧倒过程,LYING_DOWN,lying down,interval,两者,v3,735594.0,761160.0,25566.0,546C50CA07D0-21074-1,546C50CA07D0,hiv00305.mp4,single_annotator,True
EVT-00929,2026-07-29 09_26_42,21074-1,body_state,躺卧,LYING,lying,interval,两者,v3,761160.0,1194999.0,433839.0,546C50CA07D0-21074-1,546C50CA07D0,hiv00305.mp4,single_annotator,True
EVT-00930,2026-07-29 09_26_42,21074-1,body_state,躺卧,LYING,lying,interval,两者,v3,1212428.0,2201014.0,988586.0,546C50CA07D0-21074-1,546C50CA07D0,hiv00305.mp4,single_annotator,True
EVT-00931,2026-07-29 09_26_42,21074-1,body_state,躺卧,LYING,lying,interval,两者,v3,2214920.0,3207028.0,992108.0,546C50CA07D0-21074-1,546C50CA07D0,hiv00305.mp4,single_annotator,True
EVT-00932,2026-07-29 09_26_42,21074-1,body_state,躺卧,LYING,lying,interval,两者,v3,3212206.0,3599976.0,387770.0,546C50CA07D0-21074-1,546C50CA07D0,hiv00305.mp4,single_annotator,True
EVT-00933,2026-07-29 10_33_02,21074-1,body_state,躺卧,LYING,lying,interval,两者,v3,0.0,267582.0,267582.0,546C50CA07D0-21074-1,546C50CA07D0,hiv00313.mp4,single_annotator,True
EVT-00934,2026-07-29 10_33_02,21074-1,body_state,躺卧,LYING,lying,interval,两者,v3,274832.0,328532.0,53700.0,546C50CA07D0-21074-1,546C50CA07D0,hiv00313.mp4,single_annotator,True
EVT-00935,2026-07-29 10_33_02,21074-1,posture_transition,起立过程,STANDING_UP,standing up,interval,两者,v3,496299.0,514305.0,18006.0,546C50CA07D0-21074-1,546C50CA07D0,hiv00313.mp4,single_annotator,True
EVT-00936,2026-07-29 10_33_02,21074-1,body_state,站立,STANDING,standing,interval,两者,v3,514305.0,570165.0,55860.0,546C50CA07D0-21074-1,546C50CA07D0,hiv00313.mp4,single_annotator,True
EVT-00937,2026-07-29 10_33_02,21074-1,objective_event,排尿,URINATION,urination,interval,两者,v3,574559.0,629149.0,54590.0,546C50CA07D0-21074-1,546C50CA07D0,hiv00313.mp4,single_annotator,True
EVT-00938,2026-07-29 10_33_02,21074-1,body_state,站立,STANDING,standing,interval,两者,v3,655609.0,846417.0,190808.0,546C50CA07D0-21074-1,546C50CA07D0,hiv00313.mp4,single_annotator,True
EVT-00939,2026-07-29 10_33_02,21074-1,objective_event,排便,DEFECATION,defecation,interval,两者,v3,850834.0,871896.0,21062.0,546C50CA07D0-21074-1,546C50CA07D0,hiv00313.mp4,single_annotator,True
EVT-00940,2026-07-29 10_33_02,21074-1,body_state,行走,WALKING,walking,interval,两者,v3,959004.0,976931.0,17927.0,546C50CA07D0-21074-1,546C50CA07D0,hiv00313.mp4,single_annotator,True
EVT-00941,2026-07-29 10_33_02,21074-1,body_state,站立,STANDING,standing,interval,两者,v3,1051345.0,1097243.0,45898.0,546C50CA07D0-21074-1,546C50CA07D0,hiv00313.mp4,single_annotator,True
EVT-00942,2026-07-29 10_33_02,21074-1,body_state,行走,WALKING,walking,interval,两者,v3,1097243.0,1105783.0,8540.0,546C50CA07D0-21074-1,546C50CA07D0,hiv00313.mp4,single_annotator,True
EVT-00943,2026-07-29 10_33_02,21074-1,body_state,采食,FEEDING,feeding,interval,两者,v3,1191787.0,1270271.0,78484.0,546C50CA07D0-21074-1,546C50CA07D0,hiv00313.mp4,single_annotator,True
EVT-00944,2026-07-29 10_33_02,21074-1,body_state,采食,FEEDING,feeding,interval,两者,v3,1282505.0,1384091.0,101586.0,546C50CA07D0-21074-1,546C50CA07D0,hiv00313.mp4,single_annotator,True
EVT-00945,2026-07-29 10_33_02,21074-1,body_state,采食,FEEDING,feeding,interval,两者,v3,1423732.0,1587356.0,163624.0,546C50CA07D0-21074-1,546C50CA07D0,hiv00313.mp4,single_annotator,True
EVT-00946,2026-07-29 10_33_02,21074-1,body_state,行走,WALKING,walking,interval,两者,v3,1596439.0,1600393.0,3954.0,546C50CA07D0-21074-1,546C50CA07D0,hiv00313.mp4,single_annotator,True
EVT-00947,2026-07-29 10_33_02,21074-1,body_state,站立,STANDING,standing,interval,两者,v3,1616773.0,1679680.0,62907.0,546C50CA07D0-21074-1,546C50CA07D0,hiv00313.mp4,single_annotator,True
EVT-00948,2026-07-29 10_33_02,21074-1,body_state,行走,WALKING,walking,interval,两者,v3,1686542.0,1694464.0,7922.0,546C50CA07D0-21074-1,546C50CA07D0,hiv00313.mp4,single_annotator,True
EVT-00949,2026-07-29 10_33_02,21074-1,body_state,站立,STANDING,standing,interval,两者,v3,1737866.0,1791419.0,53553.0,546C50CA07D0-21074-1,546C50CA07D0,hiv00313.mp4,single_annotator,True
EVT-00950,2026-07-29 10_33_02,21074-1,body_state,站立,STANDING,standing,interval,两者,v3,1814592.0,1980211.0,165619.0,546C50CA07D0-21074-1,546C50CA07D0,hiv00313.mp4,single_annotator,True
EVT-00951,2026-07-29 10_33_02,21074-1,body_state,站立,STANDING,standing,interval,两者,v3,1999717.0,2135521.0,135804.0,546C50CA07D0-21074-1,546C50CA07D0,hiv00313.mp4,single_annotator,True
EVT-00952,2026-07-29 10_33_02,21074-1,body_state,行走,WALKING,walking,interval,两者,v3,2136846.0,2143305.0,6459.0,546C50CA07D0-21074-1,546C50CA07D0,hiv00313.mp4,single_annotator,True
EVT-00953,2026-07-29 10_33_02,21074-1,body_state,采食,FEEDING,feeding,interval,两者,v3,2179314.0,2267240.0,87926.0,546C50CA07D0-21074-1,546C50CA07D0,hiv00313.mp4,single_annotator,True
EVT-00954,2026-07-29 10_33_02,21074-1,body_state,采食,FEEDING,feeding,interval,两者,v3,2280000.0,2391376.0,111376.0,546C50CA07D0-21074-1,546C50CA07D0,hiv00313.mp4,single_annotator,True
EVT-00955,2026-07-29 10_33_02,21074-1,body_state,采食,FEEDING,feeding,interval,两者,v3,2419554.0,2729178.0,309624.0,546C50CA07D0-21074-1,546C50CA07D0,hiv00313.mp4,single_annotator,True
EVT-00956,2026-07-29 10_33_02,21074-1,body_state,行走,WALKING,walking,interval,两者,v3,2743648.0,2757628.0,13980.0,546C50CA07D0-21074-1,546C50CA07D0,hiv00313.mp4,single_annotator,True
EVT-00957,2026-07-29 10_33_02,21074-1,body_state,采食,FEEDING,feeding,interval,两者,v3,2772925.0,2993146.0,220221.0,546C50CA07D0-21074-1,546C50CA07D0,hiv00313.mp4,single_annotator,True
EVT-00958,2026-07-29 10_33_02,21074-1,body_state,站立,STANDING,standing,interval,两者,v3,3022225.0,3061339.0,39114.0,546C50CA07D0-21074-1,546C50CA07D0,hiv00313.mp4,single_annotator,True
EVT-00959,2026-07-29 10_33_02,21074-1,body_state,采食,FEEDING,feeding,interval,两者,v3,3076670.0,3157158.0,80488.0,546C50CA07D0-21074-1,546C50CA07D0,hiv00313.mp4,single_annotator,True
EVT-00960,2026-07-29 10_33_02,21074-1,body_state,采食,FEEDING,feeding,interval,两者,v3,3179856.0,3226547.0,46691.0,546C50CA07D0-21074-1,546C50CA07D0,hiv00313.mp4,single_annotator,True
EVT-00961,2026-07-29 10_33_02,21074-1,body_state,采食,FEEDING,feeding,interval,两者,v3,3251946.0,3272306.0,20360.0,546C50CA07D0-21074-1,546C50CA07D0,hiv00313.mp4,single_annotator,True
EVT-00962,2026-07-29 10_33_02,21074-1,body_state,采食,FEEDING,feeding,interval,两者,v3,3281249.0,3440948.0,159699.0,546C50CA07D0-21074-1,546C50CA07D0,hiv00313.mp4,single_annotator,True
EVT-00963,2026-07-29 10_33_02,21074-1,objective_event,排尿,URINATION,urination,interval,两者,v3,3445508.0,3506157.0,60649.0,546C50CA07D0-21074-1,546C50CA07D0,hiv00313.mp4,single_annotator,True
EVT-00964,2026-07-29 10_33_02,21074-1,body_state,采食,FEEDING,feeding,interval,两者,v3,3511276.0,3599991.0,88715.0,546C50CA07D0-21074-1,546C50CA07D0,hiv00313.mp4,single_annotator,True
EVT-00965,2026-07-29 11_39_28,21074-1,body_state,采食,FEEDING,feeding,interval,两者,v3,0.0,213443.0,213443.0,546C50CA07D0-21074-1,546C50CA07D0,hiv00321.mp4,single_annotator,True
EVT-00966,2026-07-29 11_39_28,21074-1,body_state,站立,STANDING,standing,interval,两者,v3,304229.0,401590.0,97361.0,546C50CA07D0-21074-1,546C50CA07D0,hiv00321.mp4,single_annotator,True
EVT-00967,2026-07-29 11_39_28,21074-1,tail_action,抬尾,TAIL_RAISED,tail raised,interval,两者,v3,407041.0,448930.0,41889.0,546C50CA07D0-21074-1,546C50CA07D0,hiv00321.mp4,single_annotator,True
EVT-00968,2026-07-29 11_39_28,21074-1,body_state,站立,STANDING,standing,interval,两者,v3,459134.0,543374.0,84240.0,546C50CA07D0-21074-1,546C50CA07D0,hiv00321.mp4,single_annotator,True
EVT-00969,2026-07-29 11_39_28,21074-1,posture_transition,卧倒过程,LYING_DOWN,lying down,interval,两者,v3,543374.0,568472.0,25098.0,546C50CA07D0-21074-1,546C50CA07D0,hiv00321.mp4,single_annotator,True
EVT-00970,2026-07-29 11_39_28,21074-1,body_state,躺卧,LYING,lying,interval,两者,v3,568472.0,1299838.0,731366.0,546C50CA07D0-21074-1,546C50CA07D0,hiv00321.mp4,single_annotator,True
EVT-00971,2026-07-29 11_39_28,21074-1,body_state,躺卧,LYING,lying,interval,两者,v3,1308012.0,2317815.0,1009803.0,546C50CA07D0-21074-1,546C50CA07D0,hiv00321.mp4,single_annotator,True
EVT-00972,2026-07-29 11_39_28,21074-1,body_state,躺卧,LYING,lying,interval,两者,v3,2325514.0,3217117.0,891603.0,546C50CA07D0-21074-1,546C50CA07D0,hiv00321.mp4,single_annotator,True
EVT-00973,2026-07-29 11_39_28,21074-1,posture_transition,起立过程,STANDING_UP,standing up,interval,两者,v3,3220457.0,3237797.0,17340.0,546C50CA07D0-21074-1,546C50CA07D0,hiv00321.mp4,single_annotator,True
EVT-00974,2026-07-29 11_39_28,21074-1,body_state,站立,STANDING,standing,interval,两者,v3,3245351.0,3317361.0,72010.0,546C50CA07D0-21074-1,546C50CA07D0,hiv00321.mp4,single_annotator,True
EVT-00975,2026-07-29 11_39_28,21074-1,body_state,站立,STANDING,standing,interval,两者,v3,3328863.0,3387132.0,58269.0,546C50CA07D0-21074-1,546C50CA07D0,hiv00321.mp4,single_annotator,True
EVT-00976,2026-07-29 11_39_28,21074-1,objective_event,排尿,URINATION,urination,interval,两者,v3,3397629.0,3452479.0,54850.0,546C50CA07D0-21074-1,546C50CA07D0,hiv00321.mp4,single_annotator,True
EVT-00977,2026-07-29 11_39_28,21074-1,body_state,站立,STANDING,standing,interval,两者,v3,3462349.0,3599987.0,137638.0,546C50CA07D0-21074-1,546C50CA07D0,hiv00321.mp4,single_annotator,True
EVT-00978,2026-07-29 12_45_38,21074-1,body_state,采食,FEEDING,feeding,interval,两者,v3,43687.0,209216.0,165529.0,546C50CA07D0-21074-1,546C50CA07D0,hiv00329.mp4,single_annotator,True
EVT-00979,2026-07-29 12_45_38,21074-1,body_state,采食,FEEDING,feeding,interval,两者,v3,239736.0,354446.0,114710.0,546C50CA07D0-21074-1,546C50CA07D0,hiv00329.mp4,single_annotator,True
EVT-00980,2026-07-29 12_45_38,21074-1,body_state,采食,FEEDING,feeding,interval,两者,v3,364285.0,410315.0,46030.0,546C50CA07D0-21074-1,546C50CA07D0,hiv00329.mp4,single_annotator,True
EVT-00981,2026-07-29 12_45_38,21074-1,body_state,采食,FEEDING,feeding,interval,两者,v3,448598.0,690627.0,242029.0,546C50CA07D0-21074-1,546C50CA07D0,hiv00329.mp4,single_annotator,True
EVT-00982,2026-07-29 12_45_38,21074-1,body_state,采食,FEEDING,feeding,interval,两者,v3,738744.0,1362441.0,623697.0,546C50CA07D0-21074-1,546C50CA07D0,hiv00329.mp4,single_annotator,True
EVT-00983,2026-07-29 12_45_38,21074-1,body_state,采食,FEEDING,feeding,interval,两者,v3,1369061.0,1410147.0,41086.0,546C50CA07D0-21074-1,546C50CA07D0,hiv00329.mp4,single_annotator,True
EVT-00984,2026-07-29 12_45_38,21074-1,body_state,行走,WALKING,walking,interval,两者,v3,1501773.0,1511563.0,9790.0,546C50CA07D0-21074-1,546C50CA07D0,hiv00329.mp4,single_annotator,True
EVT-00985,2026-07-29 12_45_38,21074-1,body_state,采食,FEEDING,feeding,interval,两者,v3,1526523.0,1828374.0,301851.0,546C50CA07D0-21074-1,546C50CA07D0,hiv00329.mp4,single_annotator,True
EVT-00986,2026-07-29 12_45_38,21074-1,body_state,站立,STANDING,standing,interval,两者,v3,1882057.0,1912830.0,30773.0,546C50CA07D0-21074-1,546C50CA07D0,hiv00329.mp4,single_annotator,True
EVT-00987,2026-07-29 12_45_38,21074-1,body_state,行走,WALKING,walking,interval,两者,v3,1917155.0,1930893.0,13738.0,546C50CA07D0-21074-1,546C50CA07D0,hiv00329.mp4,single_annotator,True
EVT-00988,2026-07-29 12_45_38,21074-1,body_state,行走,WALKING,walking,interval,两者,v3,1958412.0,1966332.0,7920.0,546C50CA07D0-21074-1,546C50CA07D0,hiv00329.mp4,single_annotator,True
EVT-00989,2026-07-29 12_45_38,21074-1,body_state,采食,FEEDING,feeding,interval,两者,v3,2037516.0,2362011.0,324495.0,546C50CA07D0-21074-1,546C50CA07D0,hiv00329.mp4,single_annotator,True
EVT-00990,2026-07-29 12_45_38,21074-1,objective_event,排尿,URINATION,urination,interval,两者,v3,2399625.0,2425255.0,25630.0,546C50CA07D0-21074-1,546C50CA07D0,hiv00329.mp4,single_annotator,True
EVT-00991,2026-07-29 12_45_38,21074-1,body_state,采食,FEEDING,feeding,interval,两者,v3,2476332.0,2957764.0,481432.0,546C50CA07D0-21074-1,546C50CA07D0,hiv00329.mp4,single_annotator,True
EVT-00992,2026-07-29 12_45_38,21074-1,body_state,站立,STANDING,standing,interval,两者,v3,3006428.0,3052398.0,45970.0,546C50CA07D0-21074-1,546C50CA07D0,hiv00329.mp4,single_annotator,True
EVT-00993,2026-07-29 12_45_38,21074-1,body_state,采食,FEEDING,feeding,interval,两者,v3,3095715.0,3224962.0,129247.0,546C50CA07D0-21074-1,546C50CA07D0,hiv00329.mp4,single_annotator,True
EVT-00994,2026-07-29 12_45_38,21074-1,body_state,采食,FEEDING,feeding,interval,两者,v3,3273634.0,3357479.0,83845.0,546C50CA07D0-21074-1,546C50CA07D0,hiv00329.mp4,single_annotator,True
EVT-00995,2026-07-29 12_45_38,21074-1,body_state,采食,FEEDING,feeding,interval,两者,v3,3402855.0,3599977.0,197122.0,546C50CA07D0-21074-1,546C50CA07D0,hiv00329.mp4,single_annotator,True
EVT-00996,2026-07-29 13_52_03,21074-1,body_state,采食,FEEDING,feeding,interval,两者,v3,2781.0,63691.0,60910.0,546C50CA07D0-21074-1,546C50CA07D0,hiv00337.mp4,single_annotator,True
EVT-00997,2026-07-29 13_52_03,21074-1,body_state,采食,FEEDING,feeding,interval,两者,v3,147921.0,379639.0,231718.0,546C50CA07D0-21074-1,546C50CA07D0,hiv00337.mp4,single_annotator,True
EVT-00998,2026-07-29 13_52_03,21074-1,body_state,采食,FEEDING,feeding,interval,两者,v3,385995.0,481892.0,95897.0,546C50CA07D0-21074-1,546C50CA07D0,hiv00337.mp4,single_annotator,True
EVT-00999,2026-07-29 13_52_03,21074-1,tail_action,抬尾,TAIL_RAISED,tail raised,interval,两者,v3,707331.0,726509.0,19178.0,546C50CA07D0-21074-1,546C50CA07D0,hiv00337.mp4,single_annotator,True
EVT-01000,2026-07-29 13_52_03,21074-1,objective_event,排尿,URINATION,urination,interval,两者,v3,802218.0,832897.0,30679.0,546C50CA07D0-21074-1,546C50CA07D0,hiv00337.mp4,single_annotator,True
EVT-01001,2026-07-29 13_52_03,21074-1,body_state,站立,STANDING,standing,interval,两者,v3,837760.0,958214.0,120454.0,546C50CA07D0-21074-1,546C50CA07D0,hiv00337.mp4,single_annotator,True
EVT-01002,2026-07-29 13_52_03,21074-1,body_state,采食,FEEDING,feeding,interval,两者,v3,999473.0,1392772.0,393299.0,546C50CA07D0-21074-1,546C50CA07D0,hiv00337.mp4,single_annotator,True
EVT-01003,2026-07-29 13_52_03,21074-1,body_state,行走,WALKING,walking,interval,两者,v3,2415398.0,2428318.0,12920.0,546C50CA07D0-21074-1,546C50CA07D0,hiv00337.mp4,single_annotator,True
EVT-01004,2026-07-29 13_52_03,21074-1,body_state,采食,FEEDING,feeding,interval,两者,v3,2487189.0,3154694.0,667505.0,546C50CA07D0-21074-1,546C50CA07D0,hiv00337.mp4,single_annotator,True
EVT-01005,2026-07-29 13_52_03,21074-1,body_state,行走,WALKING,walking,interval,两者,v3,3277045.0,3284326.0,7281.0,546C50CA07D0-21074-1,546C50CA07D0,hiv00337.mp4,single_annotator,True
EVT-01006,2026-07-29 17_49_54,23489-8,objective_event,排尿,URINATION,urination,interval,两者,v3,2618826.0,2648038.0,29212.0,546C50CA07DE-23489-8,546C50CA07DE,hiv00009.mp4,single_annotator,True
EVT-01007,2026-07-29 16_43_51,23509-9,posture_transition,卧倒过程,LYING_DOWN,lying down,interval,两者,v3,2428163.0,2433607.0,5444.0,546C50CA07F2-23509-9,546C50CA07F2,hiv00004.mp4,single_annotator,True
EVT-01008,2026-07-29 16_43_51,23509-9,posture_transition,起立过程,STANDING_UP,standing up,interval,两者,v3,2802731.0,2810899.0,8168.0,546C50CA07F2-23509-9,546C50CA07F2,hiv00004.mp4,single_annotator,True
EVT-01009,2026-07-29 16_43_51,23509-9,posture_transition,卧倒过程,LYING_DOWN,lying down,interval,两者,v3,3000187.0,3008245.0,8058.0,546C50CA07F2-23509-9,546C50CA07F2,hiv00004.mp4,single_annotator,True
EVT-01010,2026-07-29 17_50_27,23509-9,posture_transition,起立过程,STANDING_UP,standing up,interval,两者,v3,450587.0,461366.0,10779.0,546C50CA07F2-23509-9,546C50CA07F2,hiv00007.mp4,single_annotator,True
EVT-01011,2026-07-29 18_57_11,23509-9,posture_transition,起立过程,STANDING_UP,standing up,interval,两者,v3,2207085.0,2217045.0,9960.0,546C50CA07F2-23509-9,546C50CA07F2,hiv00010.mp4,single_annotator,True
EVT-01012,2026-07-29 18_57_11,23509-9,objective_event,排尿,URINATION,urination,interval,两者,v3,3487971.0,3526316.0,38345.0,546C50CA07F2-23509-9,546C50CA07F2,hiv00010.mp4,single_annotator,True
EVT-01013,2026-07-29 20_03_53,23509-9,objective_event,排尿,URINATION,urination,interval,两者,v3,1361261.0,1387963.0,26702.0,546C50CA07F2-23509-9,546C50CA07F2,hiv00014.mp4,single_annotator,True
EVT-01014,2026-07-29 21_10_26,23509-9,posture_transition,起立过程,STANDING_UP,standing up,interval,两者,v3,301325.0,308785.0,7460.0,546C50CA07F2-23509-9,546C50CA07F2,hiv00018.mp4,single_annotator,True
EVT-01015,2026-07-29 21_10_26,23509-9,objective_event,排尿,URINATION,urination,interval,两者,v3,3177438.0,3205629.0,28191.0,546C50CA07F2-23509-9,546C50CA07F2,hiv00018.mp4,single_annotator,True
EVT-01016,2026-07-29 21_10_26,23509-9,posture_transition,卧倒过程,LYING_DOWN,lying down,interval,两者,v3,3429961.0,3435149.0,5188.0,546C50CA07F2-23509-9,546C50CA07F2,hiv00018.mp4,single_annotator,True
EVT-01017,2026-07-29 22_17_21,23509-9,posture_transition,起立过程,STANDING_UP,standing up,interval,两者,v3,797669.0,803469.0,5800.0,546C50CA07F2-23509-9,546C50CA07F2,hiv00022.mp4,single_annotator,True
EVT-01018,2026-07-29 22_17_21,23509-9,objective_event,排尿,URINATION,urination,interval,两者,v3,2267178.0,2306518.0,39340.0,546C50CA07F2-23509-9,546C50CA07F2,hiv00022.mp4,single_annotator,True
EVT-01019,2026-07-29 23_24_00,23509-9,objective_event,排尿,URINATION,urination,interval,两者,v3,503062.0,531133.0,28071.0,546C50CA07F2-23509-9,546C50CA07F2,hiv00025.mp4,single_annotator,True
EVT-01020,2026-07-29 23_24_00,23509-9,posture_transition,卧倒过程,LYING_DOWN,lying down,interval,两者,v3,865283.0,870124.0,4841.0,546C50CA07F2-23509-9,546C50CA07F2,hiv00025.mp4,single_annotator,True
EVT-01021,2026-07-29 23_24_00,23509-9,posture_transition,起立过程,STANDING_UP,standing up,interval,两者,v3,3380603.0,3388462.0,7859.0,546C50CA07F2-23509-9,546C50CA07F2,hiv00025.mp4,single_annotator,True
EVT-01022,2026-07-30 00_30_38,23509-9,posture_transition,卧倒过程,LYING_DOWN,lying down,interval,两者,v3,729306.0,735988.0,6682.0,546C50CA07F2-23509-9,546C50CA07F2,hiv00028.mp4,single_annotator,True
EVT-01023,2026-07-30 00_30_38,23509-9,posture_transition,起立过程,STANDING_UP,standing up,interval,两者,v3,2355789.0,2359348.0,3559.0,546C50CA07F2-23509-9,546C50CA07F2,hiv00028.mp4,single_annotator,True
EVT-01024,2026-07-30 01_37_41,23509-9,posture_transition,卧倒过程,LYING_DOWN,lying down,interval,两者,v3,84628.0,91093.0,6465.0,546C50CA07F2-23509-9,546C50CA07F2,hiv00031.mp4,single_annotator,True
EVT-01025,2026-07-30 03_51_15,23509-9,objective_event,排尿,URINATION,urination,interval,两者,v3,153601.0,177660.0,24059.0,546C50CA07F2-23509-9,546C50CA07F2,hiv00038.mp4,single_annotator,True
EVT-01026,2026-07-30 03_51_15,23509-9,posture_transition,卧倒过程,LYING_DOWN,lying down,interval,两者,v3,1004008.0,1009009.0,5001.0,546C50CA07F2-23509-9,546C50CA07F2,hiv00038.mp4,single_annotator,True
EVT-01027,2026-07-30 03_51_15,23509-9,posture_transition,起立过程,STANDING_UP,standing up,interval,两者,v3,1626332.0,1636849.0,10517.0,546C50CA07F2-23509-9,546C50CA07F2,hiv00038.mp4,single_annotator,True
EVT-01028,2026-07-30 07_12_10,23509-9,objective_event,排尿,URINATION,urination,interval,两者,v3,1854637.0,1890063.0,35426.0,546C50CA07F2-23509-9,546C50CA07F2,hiv00052.mp4,single_annotator,True
EVT-01029,2026-07-30 08_18_33,23509-9,objective_event,排尿,URINATION,urination,interval,两者,v3,1676133.0,1704168.0,28035.0,546C50CA07F2-23509-9,546C50CA07F2,hiv00057.mp4,single_annotator,True
EVT-01030,2026-07-30 10_31_33,23509-9,posture_transition,卧倒过程,LYING_DOWN,lying down,interval,两者,v3,990446.0,995826.0,5380.0,546C50CA07F2-23509-9,546C50CA07F2,hiv00068.mp4,single_annotator,True
EVT-01031,2026-07-30 10_31_33,23509-9,posture_transition,起立过程,STANDING_UP,standing up,interval,两者,v3,1578058.0,1587659.0,9601.0,546C50CA07F2-23509-9,546C50CA07F2,hiv00068.mp4,single_annotator,True
EVT-01032,2026-07-30 10_31_33,23509-9,objective_event,排尿,URINATION,urination,interval,两者,v3,1636491.0,1671372.0,34881.0,546C50CA07F2-23509-9,546C50CA07F2,hiv00068.mp4,single_annotator,True
EVT-01033,2026-07-30 10_31_33,23509-9,objective_event,排尿,URINATION,urination,interval,两者,v3,1691464.0,1712644.0,21180.0,546C50CA07F2-23509-9,546C50CA07F2,hiv00068.mp4,single_annotator,True
EVT-01034,2026-07-30 11_37_40,23509-9,posture_transition,卧倒过程,LYING_DOWN,lying down,interval,两者,v3,78235.0,93415.0,15180.0,546C50CA07F2-23509-9,546C50CA07F2,hiv00073.mp4,single_annotator,True
EVT-01035,2026-07-30 11_37_40,23509-9,posture_transition,起立过程,STANDING_UP,standing up,interval,两者,v3,483510.0,489650.0,6140.0,546C50CA07F2-23509-9,546C50CA07F2,hiv00073.mp4,single_annotator,True
EVT-01036,2026-07-30 11_37_40,23509-9,posture_transition,起立过程,STANDING_UP,standing up,interval,两者,v3,2964615.0,2968940.0,4325.0,546C50CA07F2-23509-9,546C50CA07F2,hiv00073.mp4,single_annotator,True
EVT-01037,2026-07-30 12_43_53,23509-9,posture_transition,卧倒过程,LYING_DOWN,lying down,interval,两者,v3,2539981.0,2553247.0,13266.0,546C50CA07F2-23509-9,546C50CA07F2,hiv00078.mp4,single_annotator,True
EVT-01038,2026-07-30 12_43_53,23509-9,posture_transition,起立过程,STANDING_UP,standing up,interval,两者,v3,2631883.0,2639233.0,7350.0,546C50CA07F2-23509-9,546C50CA07F2,hiv00078.mp4,single_annotator,True
EVT-01039,2026-07-30 13_50_04,23509-9,objective_event,排尿,URINATION,urination,interval,两者,v3,1539681.0,1588624.0,48943.0,546C50CA07F2-23509-9,546C50CA07F2,hiv00083.mp4,single_annotator,True
EVT-01040,2026-07-30 13_50_04,23509-9,tail_action,抬尾,TAIL_RAISED,tail raised,interval,两者,v3,1639497.0,1668617.0,29120.0,546C50CA07F2-23509-9,546C50CA07F2,hiv00083.mp4,single_annotator,True
EVT-01041,2026-07-30 14_56_06,23509-9,posture_transition,卧倒过程,LYING_DOWN,lying down,interval,两者,v3,2538121.0,2547162.0,9041.0,546C50CA07F2-23509-9,546C50CA07F2,hiv00088.mp4,single_annotator,True
EVT-01042,2026-07-30 14_56_06,23509-9,posture_transition,起立过程,STANDING_UP,standing up,interval,两者,v3,2614495.0,2621675.0,7180.0,546C50CA07F2-23509-9,546C50CA07F2,hiv00088.mp4,single_annotator,True
EVT-01043,2026-07-30 14_56_06,23509-9,objective_event,排尿,URINATION,urination,interval,两者,v3,3240358.0,3272778.0,32420.0,546C50CA07F2-23509-9,546C50CA07F2,hiv00088.mp4,single_annotator,True
EVT-01044,2026-07-30 16_02_17,23509-9,posture_transition,卧倒过程,LYING_DOWN,lying down,interval,两者,v3,1802888.0,1806928.0,4040.0,546C50CA07F2-23509-9,546C50CA07F2,hiv00092.mp4,single_annotator,True
EVT-01045,2026-07-30 16_02_17,23509-9,posture_transition,起立过程,STANDING_UP,standing up,interval,两者,v3,1966109.0,1972143.0,6034.0,546C50CA07F2-23509-9,546C50CA07F2,hiv00092.mp4,single_annotator,True
EVT-01046,2026-07-30 16_02_17,23509-9,posture_transition,卧倒过程,LYING_DOWN,lying down,interval,两者,v3,2833644.0,2860215.0,26571.0,546C50CA07F2-23509-9,546C50CA07F2,hiv00092.mp4,single_annotator,True
EVT-01047,2026-07-30 18_15_08,23509-9,posture_transition,卧倒过程,LYING_DOWN,lying down,interval,两者,v3,2780161.0,2789013.0,8852.0,546C50CA07F2-23509-9,546C50CA07F2,hiv00102.mp4,single_annotator,True
EVT-01048,2026-07-30 18_15_08,23509-9,posture_transition,起立过程,STANDING_UP,standing up,interval,两者,v3,2901234.0,2908295.0,7061.0,546C50CA07F2-23509-9,546C50CA07F2,hiv00102.mp4,single_annotator,True
EVT-01049,2026-07-31 08_48_12,23509-9,objective_event,排尿,URINATION,urination,interval,两者,v3,2999004.0,3042317.0,43313.0,546C50CA07F2-23509-9,546C50CA07F2,hiv00151.mp4,single_annotator,True
EVT-01050,2026-07-31 08_48_12,23509-9,tail_action,抬尾,TAIL_RAISED,tail raised,interval,两者,v3,3341057.0,3359276.0,18219.0,546C50CA07F2-23509-9,546C50CA07F2,hiv00151.mp4,single_annotator,True
EVT-01051,2026-07-31 09_54_04,23509-9,objective_event,排尿,URINATION,urination,interval,两者,v3,2087893.0,2121305.0,33412.0,546C50CA07F2-23509-9,546C50CA07F2,hiv00156.mp4,single_annotator,True
EVT-01052,2026-07-31 09_54_04,23509-9,posture_transition,卧倒过程,LYING_DOWN,lying down,interval,两者,v3,2223739.0,2230319.0,6580.0,546C50CA07F2-23509-9,546C50CA07F2,hiv00156.mp4,single_annotator,True
EVT-01053,2026-07-31 09_54_04,23509-9,body_state,行走,WALKING,walking,interval,两者,v3,2897982.0,2907262.0,9280.0,546C50CA07F2-23509-9,546C50CA07F2,hiv00156.mp4,single_annotator,True
EVT-01054,2026-07-31 11_00_20,23509-9,objective_event,排尿,URINATION,urination,interval,两者,v3,2070113.0,2120497.0,50384.0,546C50CA07F2-23509-9,546C50CA07F2,hiv00161.mp4,single_annotator,True
EVT-01055,2026-07-31 12_06_09,23509-9,posture_transition,起立过程,STANDING_UP,standing up,interval,两者,v3,697178.0,702238.0,5060.0,546C50CA07F2-23509-9,546C50CA07F2,hiv00166.mp4,single_annotator,True
EVT-01056,2026-07-31 12_06_09,23509-9,objective_event,排尿,URINATION,urination,interval,两者,v3,927381.0,972113.0,44732.0,546C50CA07F2-23509-9,546C50CA07F2,hiv00166.mp4,single_annotator,True
EVT-01057,2026-07-31 13_12_10,23509-9,objective_event,排尿,URINATION,urination,interval,两者,v3,470750.0,516542.0,45792.0,546C50CA07F2-23509-9,546C50CA07F2,hiv00171.mp4,single_annotator,True
EVT-01058,2026-07-31 14_18_11,23509-9,objective_event,排尿,URINATION,urination,interval,两者,v3,143681.0,187165.0,43484.0,546C50CA07F2-23509-9,546C50CA07F2,hiv00176.mp4,single_annotator,True
EVT-01059,2026-07-31 16_30_27,23509-9,posture_transition,卧倒过程,LYING_DOWN,lying down,interval,两者,v3,666197.0,672461.0,6264.0,546C50CA07F2-23509-9,546C50CA07F2,hiv00187.mp4,single_annotator,True
EVT-01060,2026-07-31 16_30_27,23509-9,posture_transition,起立过程,STANDING_UP,standing up,interval,两者,v3,1241018.0,1247618.0,6600.0,546C50CA07F2-23509-9,546C50CA07F2,hiv00187.mp4,single_annotator,True
EVT-01061,2026-07-31 16_30_27,23509-9,objective_event,排尿,URINATION,urination,interval,两者,v3,2710999.0,2742158.0,31159.0,546C50CA07F2-23509-9,546C50CA07F2,hiv00187.mp4,single_annotator,True
EVT-01062,2026-07-31 18_42_33,23509-9,posture_transition,起立过程,STANDING_UP,standing up,interval,两者,v3,2880671.0,2883877.0,3206.0,546C50CA07F2-23509-9,546C50CA07F2,hiv00196.mp4,single_annotator,True
EVT-01063,2026-07-31 19_48_32,23509-9,objective_event,排尿,URINATION,urination,interval,两者,v3,582621.0,607367.0,24746.0,546C50CA07F2-23509-9,546C50CA07F2,hiv00198.mp4,single_annotator,True
EVT-01064,2026-07-31 20_54_38,23509-9,objective_event,排尿,URINATION,urination,interval,两者,v3,402754.0,441381.0,38627.0,546C50CA07F2-23509-9,546C50CA07F2,hiv00202.mp4,single_annotator,True
EVT-01065,2026-07-31 22_00_33,23509-9,objective_event,排尿,URINATION,urination,interval,两者,v3,1209613.0,1232620.0,23007.0,546C50CA07F2-23509-9,546C50CA07F2,hiv00205.mp4,single_annotator,True
EVT-01066,2026-07-31 22_00_33,23509-9,posture_transition,卧倒过程,LYING_DOWN,lying down,interval,两者,v3,1360174.0,1364274.0,4100.0,546C50CA07F2-23509-9,546C50CA07F2,hiv00205.mp4,single_annotator,True
EVT-01067,2026-07-31 22_00_33,23509-9,posture_transition,起立过程,STANDING_UP,standing up,interval,两者,v3,2680991.0,2685290.0,4299.0,546C50CA07F2-23509-9,546C50CA07F2,hiv00205.mp4,single_annotator,True
EVT-01068,2026-07-31 23_06_26,23509-9,objective_event,排尿,URINATION,urination,interval,两者,v3,867370.0,892891.0,25521.0,546C50CA07F2-23509-9,546C50CA07F2,hiv00208.mp4,single_annotator,True
EVT-01069,2026-07-31 23_06_26,23509-9,posture_transition,卧倒过程,LYING_DOWN,lying down,interval,两者,v3,1307725.0,1316047.0,8322.0,546C50CA07F2-23509-9,546C50CA07F2,hiv00208.mp4,single_annotator,True
EVT-01070,2026-07-31 23_06_26,23509-9,posture_transition,起立过程,STANDING_UP,standing up,interval,两者,v3,2948775.0,2956495.0,7720.0,546C50CA07F2-23509-9,546C50CA07F2,hiv00208.mp4,single_annotator,True
EVT-01071,2026-08-01 00_12_33,23509-9,posture_transition,卧倒过程,LYING_DOWN,lying down,interval,两者,v3,1882569.0,1889069.0,6500.0,546C50CA07F2-23509-9,546C50CA07F2,hiv00212.mp4,single_annotator,True
EVT-01072,2026-08-01 00_12_33,23509-9,posture_transition,起立过程,STANDING_UP,standing up,interval,两者,v3,2486664.0,2493844.0,7180.0,546C50CA07F2-23509-9,546C50CA07F2,hiv00212.mp4,single_annotator,True
EVT-01073,2026-08-01 00_12_33,23509-9,objective_event,排尿,URINATION,urination,interval,两者,v3,2591369.0,2620357.0,28988.0,546C50CA07F2-23509-9,546C50CA07F2,hiv00212.mp4,single_annotator,True
EVT-01074,2026-08-01 00_12_33,23509-9,posture_transition,卧倒过程,LYING_DOWN,lying down,interval,两者,v3,3381839.0,3389059.0,7220.0,546C50CA07F2-23509-9,546C50CA07F2,hiv00212.mp4,single_annotator,True
EVT-01075,2026-08-01 01_18_34,23509-9,posture_transition,起立过程,STANDING_UP,standing up,interval,两者,v3,441879.0,447519.0,5640.0,546C50CA07F2-23509-9,546C50CA07F2,hiv00216.mp4,single_annotator,True
EVT-01076,2026-08-01 01_18_34,23509-9,objective_event,排尿,URINATION,urination,interval,两者,v3,2328640.0,2355539.0,26899.0,546C50CA07F2-23509-9,546C50CA07F2,hiv00216.mp4,single_annotator,True
EVT-01077,2026-08-01 02_24_47,23509-9,objective_event,排尿,URINATION,urination,interval,两者,v3,345760.0,373370.0,27610.0,546C50CA07F2-23509-9,546C50CA07F2,hiv00218.mp4,single_annotator,True
EVT-01078,2026-08-01 02_24_47,23509-9,tail_action,抬尾,TAIL_RAISED,tail raised,interval,两者,v3,1199154.0,1213298.0,14144.0,546C50CA07F2-23509-9,546C50CA07F2,hiv00218.mp4,single_annotator,True
EVT-01079,2026-08-01 02_24_47,23509-9,posture_transition,卧倒过程,LYING_DOWN,lying down,interval,两者,v3,1339950.0,1344050.0,4100.0,546C50CA07F2-23509-9,546C50CA07F2,hiv00218.mp4,single_annotator,True
EVT-01080,2026-08-01 02_24_47,23509-9,posture_transition,起立过程,STANDING_UP,standing up,interval,两者,v3,3565345.0,3573864.0,8519.0,546C50CA07F2-23509-9,546C50CA07F2,hiv00218.mp4,single_annotator,True
EVT-01081,2026-08-01 03_31_09,23509-9,objective_event,排尿,URINATION,urination,interval,两者,v3,1391784.0,1415904.0,24120.0,546C50CA07F2-23509-9,546C50CA07F2,hiv00222.mp4,single_annotator,True
EVT-01082,2026-08-01 04_37_27,23509-9,objective_event,排尿,URINATION,urination,interval,两者,v3,946947.0,984381.0,37434.0,546C50CA07F2-23509-9,546C50CA07F2,hiv00225.mp4,single_annotator,True
EVT-01083,2026-08-01 04_37_27,23509-9,posture_transition,卧倒过程,LYING_DOWN,lying down,interval,两者,v3,1177024.0,1183264.0,6240.0,546C50CA07F2-23509-9,546C50CA07F2,hiv00225.mp4,single_annotator,True
EVT-01084,2026-08-01 04_37_27,23509-9,posture_transition,起立过程,STANDING_UP,standing up,interval,两者,v3,1362059.0,1367899.0,5840.0,546C50CA07F2-23509-9,546C50CA07F2,hiv00225.mp4,single_annotator,True
EVT-01085,2026-08-01 04_37_27,23509-9,posture_transition,卧倒过程,LYING_DOWN,lying down,interval,两者,v3,1515884.0,1522128.0,6244.0,546C50CA07F2-23509-9,546C50CA07F2,hiv00225.mp4,single_annotator,True
EVT-01086,2026-08-01 04_37_27,23509-9,posture_transition,起立过程,STANDING_UP,standing up,interval,两者,v3,1938858.0,1948538.0,9680.0,546C50CA07F2-23509-9,546C50CA07F2,hiv00225.mp4,single_annotator,True
EVT-01087,2026-08-01 04_37_27,23509-9,objective_event,排便,DEFECATION,defecation,interval,两者,v3,3237255.0,3250587.0,13332.0,546C50CA07F2-23509-9,546C50CA07F2,hiv00225.mp4,single_annotator,True
EVT-01088,2026-08-01 05_43_35,23509-9,posture_transition,卧倒过程,LYING_DOWN,lying down,interval,两者,v3,722314.0,729175.0,6861.0,546C50CA07F2-23509-9,546C50CA07F2,hiv00230.mp4,single_annotator,True
EVT-01089,2026-08-01 06_49_45,23509-9,objective_event,排尿,URINATION,urination,interval,两者,v3,2761032.0,2791432.0,30400.0,546C50CA07F2-23509-9,546C50CA07F2,hiv00235.mp4,single_annotator,True
EVT-01090,2026-08-01 10_08_56,23509-9,posture_transition,起立过程,STANDING_UP,standing up,interval,两者,v3,337876.0,344336.0,6460.0,546C50CA07F2-23509-9,546C50CA07F2,hiv00251.mp4,single_annotator,True
EVT-01091,2026-08-01 10_08_56,23509-9,objective_event,排尿,URINATION,urination,interval,两者,v3,734750.0,774688.0,39938.0,546C50CA07F2-23509-9,546C50CA07F2,hiv00251.mp4,single_annotator,True
EVT-01092,2026-08-01 11_15_03,23509-9,objective_event,排尿,URINATION,urination,interval,两者,v3,2047669.0,2117694.0,70025.0,546C50CA07F2-23509-9,546C50CA07F2,hiv00255.mp4,single_annotator,True
EVT-01093,2026-08-01 12_20_57,23509-9,posture_transition,卧倒过程,LYING_DOWN,lying down,interval,两者,v3,1371528.0,1377423.0,5895.0,546C50CA07F2-23509-9,546C50CA07F2,hiv00260.mp4,single_annotator,True
EVT-01094,2026-08-01 14_33_16,23509-9,body_state,行走,WALKING,walking,interval,两者,v3,2442188.0,2449388.0,7200.0,546C50CA07F2-23509-9,546C50CA07F2,hiv00270.mp4,single_annotator,True
EVT-01095,2026-08-01 14_33_16,23509-9,body_state,行走,WALKING,walking,interval,两者,v3,2453848.0,2472821.0,18973.0,546C50CA07F2-23509-9,546C50CA07F2,hiv00270.mp4,single_annotator,True
EVT-01096,2026-08-01 14_33_16,23509-9,body_state,行走,WALKING,walking,interval,两者,v3,2585351.0,2600351.0,15000.0,546C50CA07F2-23509-9,546C50CA07F2,hiv00270.mp4,single_annotator,True
EVT-01097,2026-08-01 14_33_16,23509-9,body_state,采食,FEEDING,feeding,interval,两者,v3,2606511.0,3089129.0,482618.0,546C50CA07F2-23509-9,546C50CA07F2,hiv00270.mp4,single_annotator,True
EVT-01098,2026-08-01 14_33_16,23509-9,body_state,采食,FEEDING,feeding,interval,两者,v3,3101209.0,3541625.0,440416.0,546C50CA07F2-23509-9,546C50CA07F2,hiv00270.mp4,single_annotator,True
EVT-01099,2026-08-01 15_39_24,23509-9,body_state,行走,WALKING,walking,interval,两者,v3,1239371.0,1271077.0,31706.0,546C50CA07F2-23509-9,546C50CA07F2,hiv00275.mp4,single_annotator,True
EVT-01100,2026-08-01 15_39_24,23509-9,body_state,站立,STANDING,standing,interval,两者,v3,1281067.0,1301056.0,19989.0,546C50CA07F2-23509-9,546C50CA07F2,hiv00275.mp4,single_annotator,True
EVT-01101,2026-08-01 15_39_24,23509-9,posture_transition,卧倒过程,LYING_DOWN,lying down,interval,两者,v3,1328542.0,1336883.0,8341.0,546C50CA07F2-23509-9,546C50CA07F2,hiv00275.mp4,single_annotator,True
EVT-01102,2026-08-01 15_39_24,23509-9,posture_transition,起立过程,STANDING_UP,standing up,interval,两者,v3,2418140.0,2446209.0,28069.0,546C50CA07F2-23509-9,546C50CA07F2,hiv00275.mp4,single_annotator,True
EVT-01103,2026-08-01 15_39_24,23509-9,objective_event,排尿,URINATION,urination,interval,两者,v3,2658000.0,2700750.0,42750.0,546C50CA07F2-23509-9,546C50CA07F2,hiv00275.mp4,single_annotator,True
EVT-01104,2026-08-01 15_39_24,23509-9,objective_event,排尿,URINATION,urination,interval,两者,v3,2714091.0,2742410.0,28319.0,546C50CA07F2-23509-9,546C50CA07F2,hiv00275.mp4,single_annotator,True
EVT-01105,2026-08-01 15_39_24,23509-9,body_state,行走,WALKING,walking,interval,两者,v3,2743822.0,2767859.0,24037.0,546C50CA07F2-23509-9,546C50CA07F2,hiv00275.mp4,single_annotator,True
EVT-01106,2026-08-01 16_45_38,23509-9,body_state,行走,WALKING,walking,interval,两者,v3,524652.0,540898.0,16246.0,546C50CA07F2-23509-9,546C50CA07F2,hiv00280.mp4,single_annotator,True
EVT-01107,2026-08-01 16_45_38,23509-9,body_state,站立,STANDING,standing,interval,两者,v3,647420.0,652499.0,5079.0,546C50CA07F2-23509-9,546C50CA07F2,hiv00280.mp4,single_annotator,True
EVT-01108,2026-08-01 16_45_38,23509-9,body_state,站立,STANDING,standing,interval,两者,v3,653451.0,654072.0,621.0,546C50CA07F2-23509-9,546C50CA07F2,hiv00280.mp4,single_annotator,True
EVT-01109,2026-08-01 16_45_38,23509-9,body_state,站立,STANDING,standing,interval,两者,v3,847761.0,921346.0,73585.0,546C50CA07F2-23509-9,546C50CA07F2,hiv00280.mp4,single_annotator,True
EVT-01110,2026-08-01 16_45_38,23509-9,body_state,行走,WALKING,walking,interval,两者,v3,997136.0,1000876.0,3740.0,546C50CA07F2-23509-9,546C50CA07F2,hiv00280.mp4,single_annotator,True
EVT-01111,2026-08-01 16_45_38,23509-9,body_state,站立,STANDING,standing,interval,两者,v3,1309309.0,1500383.0,191074.0,546C50CA07F2-23509-9,546C50CA07F2,hiv00280.mp4,single_annotator,True
EVT-01112,2026-08-01 16_45_38,23509-9,body_state,行走,WALKING,walking,interval,两者,v3,1701556.0,1739735.0,38179.0,546C50CA07F2-23509-9,546C50CA07F2,hiv00280.mp4,single_annotator,True
EVT-01113,2026-08-01 16_45_38,23509-9,body_state,行走,WALKING,walking,interval,两者,v3,1775607.0,1919535.0,143928.0,546C50CA07F2-23509-9,546C50CA07F2,hiv00280.mp4,single_annotator,True
EVT-01114,2026-08-01 16_45_38,23509-9,posture_transition,卧倒过程,LYING_DOWN,lying down,interval,两者,v3,1832197.0,1849219.0,17022.0,546C50CA07F2-23509-9,546C50CA07F2,hiv00280.mp4,single_annotator,True
EVT-01115,2026-08-01 16_45_38,23509-9,body_state,躺卧,LYING,lying,interval,两者,v3,1919535.0,2202624.0,283089.0,546C50CA07F2-23509-9,546C50CA07F2,hiv00280.mp4,single_annotator,True
EVT-01116,2026-08-01 16_45_38,23509-9,body_state,躺卧,LYING,lying,interval,两者,v3,2202624.0,2488967.0,286343.0,546C50CA07F2-23509-9,546C50CA07F2,hiv00280.mp4,single_annotator,True
EVT-01117,2026-08-01 16_45_38,23509-9,posture_transition,起立过程,STANDING_UP,standing up,interval,两者,v3,2569481.0,2577841.0,8360.0,546C50CA07F2-23509-9,546C50CA07F2,hiv00280.mp4,single_annotator,True
EVT-01118,2026-08-01 16_45_38,23509-9,body_state,站立,STANDING,standing,interval,两者,v3,2651879.0,3377679.0,725800.0,546C50CA07F2-23509-9,546C50CA07F2,hiv00280.mp4,single_annotator,True
EVT-01119,2026-08-01 16_45_38,23509-9,body_state,站立,STANDING,standing,interval,两者,v3,3403872.0,3409608.0,5736.0,546C50CA07F2-23509-9,546C50CA07F2,hiv00280.mp4,single_annotator,True
EVT-01120,2026-08-01 17_51_31,23509-9,body_state,行走,WALKING,walking,interval,两者,v3,75045.0,107805.0,32760.0,546C50CA07F2-23509-9,546C50CA07F2,hiv00284.mp4,single_annotator,True
EVT-01121,2026-08-01 17_51_31,23509-9,body_state,行走,WALKING,walking,interval,两者,v3,408930.0,424716.0,15786.0,546C50CA07F2-23509-9,546C50CA07F2,hiv00284.mp4,single_annotator,True
EVT-01122,2026-08-01 17_51_31,23509-9,body_state,行走,WALKING,walking,interval,两者,v3,433496.0,459816.0,26320.0,546C50CA07F2-23509-9,546C50CA07F2,hiv00284.mp4,single_annotator,True
EVT-01123,2026-08-01 18_57_34,23509-9,posture_transition,起立过程,STANDING_UP,standing up,interval,两者,v3,893460.0,918135.0,24675.0,546C50CA07F2-23509-9,546C50CA07F2,hiv00287.mp4,single_annotator,True
EVT-01124,2026-08-01 18_57_34,23509-9,body_state,行走,WALKING,walking,interval,两者,v3,2383574.0,2408578.0,25004.0,546C50CA07F2-23509-9,546C50CA07F2,hiv00287.mp4,single_annotator,True
EVT-01125,2026-08-01 18_57_34,23509-9,body_state,行走,WALKING,walking,interval,两者,v3,2523099.0,2546780.0,23681.0,546C50CA07F2-23509-9,546C50CA07F2,hiv00287.mp4,single_annotator,True
EVT-01126,2026-08-01 18_57_34,23509-9,body_state,站立,STANDING,standing,interval,两者,v3,2548100.0,2567839.0,19739.0,546C50CA07F2-23509-9,546C50CA07F2,hiv00287.mp4,single_annotator,True
EVT-01127,2026-08-01 20_03_39,23509-9,body_state,行走,WALKING,walking,interval,两者,v3,185326.0,194906.0,9580.0,546C50CA07F2-23509-9,546C50CA07F2,hiv00291.mp4,single_annotator,True
EVT-01128,2026-08-01 20_03_39,23509-9,body_state,行走,WALKING,walking,interval,两者,v3,273451.0,290490.0,17039.0,546C50CA07F2-23509-9,546C50CA07F2,hiv00291.mp4,single_annotator,True
EVT-01129,2026-08-01 20_03_39,23509-9,body_state,行走,WALKING,walking,interval,两者,v3,305308.0,310837.0,5529.0,546C50CA07F2-23509-9,546C50CA07F2,hiv00291.mp4,single_annotator,True
EVT-01130,2026-08-01 20_03_39,23509-9,body_state,行走,WALKING,walking,interval,两者,v3,314178.0,321397.0,7219.0,546C50CA07F2-23509-9,546C50CA07F2,hiv00291.mp4,single_annotator,True
EVT-01131,2026-08-01 20_03_39,23509-9,body_state,行走,WALKING,walking,interval,两者,v3,1661212.0,1673812.0,12600.0,546C50CA07F2-23509-9,546C50CA07F2,hiv00291.mp4,single_annotator,True
EVT-01132,2026-08-01 21_09_47,23509-9,body_state,行走,WALKING,walking,interval,两者,v3,1429563.0,1494058.0,64495.0,546C50CA07F2-23509-9,546C50CA07F2,hiv00294.mp4,single_annotator,True
EVT-01133,2026-08-01 21_09_47,23509-9,body_state,行走,WALKING,walking,interval,两者,v3,2170498.0,2277963.0,107465.0,546C50CA07F2-23509-9,546C50CA07F2,hiv00294.mp4,single_annotator,True
EVT-01134,2026-08-01 21_09_47,23509-9,body_state,行走,WALKING,walking,interval,两者,v3,2427603.0,2449968.0,22365.0,546C50CA07F2-23509-9,546C50CA07F2,hiv00294.mp4,single_annotator,True
EVT-01135,2026-08-01 21_09_47,23509-9,body_state,行走,WALKING,walking,interval,两者,v3,2611871.0,2630291.0,18420.0,546C50CA07F2-23509-9,546C50CA07F2,hiv00294.mp4,single_annotator,True
EVT-01136,2026-08-01 21_09_47,23509-9,objective_event,排尿,URINATION,urination,interval,两者,v3,2653998.0,2684998.0,31000.0,546C50CA07F2-23509-9,546C50CA07F2,hiv00294.mp4,single_annotator,True
EVT-01137,2026-08-01 21_09_47,23509-9,objective_event,排尿,URINATION,urination,interval,两者,v3,2795741.0,2817960.0,22219.0,546C50CA07F2-23509-9,546C50CA07F2,hiv00294.mp4,single_annotator,True
EVT-01138,2026-08-01 21_09_47,23509-9,body_state,行走,WALKING,walking,interval,两者,v3,2818521.0,2828506.0,9985.0,546C50CA07F2-23509-9,546C50CA07F2,hiv00294.mp4,single_annotator,True
EVT-01139,2026-08-01 22_15_45,23509-9,body_state,行走,WALKING,walking,interval,两者,v3,1023361.0,1058462.0,35101.0,546C50CA07F2-23509-9,546C50CA07F2,hiv00297.mp4,single_annotator,True
EVT-01140,2026-08-01 22_15_45,23509-9,body_state,行走,WALKING,walking,interval,两者,v3,1067242.0,1074262.0,7020.0,546C50CA07F2-23509-9,546C50CA07F2,hiv00297.mp4,single_annotator,True
EVT-01141,2026-08-01 22_15_45,23509-9,body_state,行走,WALKING,walking,interval,两者,v3,1791838.0,1812904.0,21066.0,546C50CA07F2-23509-9,546C50CA07F2,hiv00297.mp4,single_annotator,True
EVT-01142,2026-08-01 22_15_45,23509-9,objective_event,排尿,URINATION,urination,interval,两者,v3,1847264.0,1868930.0,21666.0,546C50CA07F2-23509-9,546C50CA07F2,hiv00297.mp4,single_annotator,True
EVT-01143,2026-08-01 22_15_45,23509-9,body_state,行走,WALKING,walking,interval,两者,v3,2129163.0,2142903.0,13740.0,546C50CA07F2-23509-9,546C50CA07F2,hiv00297.mp4,single_annotator,True
EVT-01144,2026-08-01 22_15_45,23509-9,body_state,行走,WALKING,walking,interval,两者,v3,2265218.0,2280210.0,14992.0,546C50CA07F2-23509-9,546C50CA07F2,hiv00297.mp4,single_annotator,True
EVT-01145,2026-08-01 22_15_45,23509-9,posture_transition,卧倒过程,LYING_DOWN,lying down,interval,两者,v3,2914501.0,2920820.0,6319.0,546C50CA07F2-23509-9,546C50CA07F2,hiv00297.mp4,single_annotator,True
EVT-01146,2026-08-01 23_22_08,23509-9,body_state,行走,WALKING,walking,interval,两者,v3,2822668.0,2850312.0,27644.0,546C50CA07F2-23509-9,546C50CA07F2,hiv00301.mp4,single_annotator,True
EVT-01147,2026-08-02 01_34_29,23509-9,objective_event,排便,DEFECATION,defecation,interval,两者,v3,562665.0,589836.0,27171.0,546C50CA07F2-23509-9,546C50CA07F2,hiv00309.mp4,single_annotator,True
EVT-01148,2026-08-02 01_34_29,23509-9,body_state,行走,WALKING,walking,interval,两者,v3,590316.0,608585.0,18269.0,546C50CA07F2-23509-9,546C50CA07F2,hiv00309.mp4,single_annotator,True
EVT-01149,2026-08-02 01_34_29,23509-9,body_state,行走,WALKING,walking,interval,两者,v3,3225824.0,3256094.0,30270.0,546C50CA07F2-23509-9,546C50CA07F2,hiv00309.mp4,single_annotator,True
EVT-01150,2026-08-02 01_34_29,23509-9,body_state,行走,WALKING,walking,interval,两者,v3,3374263.0,3395323.0,21060.0,546C50CA07F2-23509-9,546C50CA07F2,hiv00309.mp4,single_annotator,True
EVT-01151,2026-08-02 03_46_35,23509-9,objective_event,排尿,URINATION,urination,interval,两者,v3,2224163.0,2267602.0,43439.0,546C50CA07F2-23509-9,546C50CA07F2,hiv00315.mp4,single_annotator,True
EVT-01152,2026-08-02 03_46_35,23509-9,body_state,行走,WALKING,walking,interval,两者,v3,2516366.0,2530197.0,13831.0,546C50CA07F2-23509-9,546C50CA07F2,hiv00315.mp4,single_annotator,True
EVT-01153,2026-08-02 03_46_35,23509-9,body_state,行走,WALKING,walking,interval,两者,v3,2830641.0,2865201.0,34560.0,546C50CA07F2-23509-9,546C50CA07F2,hiv00315.mp4,single_annotator,True
EVT-01154,2026-08-02 03_46_35,23509-9,body_state,行走,WALKING,walking,interval,两者,v3,3027717.0,3043518.0,15801.0,546C50CA07F2-23509-9,546C50CA07F2,hiv00315.mp4,single_annotator,True
EVT-01155,2026-08-02 03_46_35,23509-9,body_state,行走,WALKING,walking,interval,两者,v3,3097923.0,3113723.0,15800.0,546C50CA07F2-23509-9,546C50CA07F2,hiv00315.mp4,single_annotator,True
EVT-01156,2026-08-02 03_46_35,23509-9,body_state,行走,WALKING,walking,interval,两者,v3,3382235.0,3401539.0,19304.0,546C50CA07F2-23509-9,546C50CA07F2,hiv00315.mp4,single_annotator,True
EVT-01157,2026-08-02 04_53_03,23509-9,objective_event,排尿,URINATION,urination,interval,两者,v3,194726.0,236186.0,41460.0,546C50CA07F2-23509-9,546C50CA07F2,hiv00319.mp4,single_annotator,True
EVT-01158,2026-08-02 04_53_03,23509-9,posture_transition,卧倒过程,LYING_DOWN,lying down,interval,两者,v3,964920.0,972430.0,7510.0,546C50CA07F2-23509-9,546C50CA07F2,hiv00319.mp4,single_annotator,True
EVT-01159,2026-08-02 04_53_03,23509-9,posture_transition,起立过程,STANDING_UP,standing up,interval,两者,v3,2181699.0,2194200.0,12501.0,546C50CA07F2-23509-9,546C50CA07F2,hiv00319.mp4,single_annotator,True
EVT-01160,2026-08-02 05_59_06,23509-9,posture_transition,卧倒过程,LYING_DOWN,lying down,interval,两者,v3,1658297.0,1666408.0,8111.0,546C50CA07F2-23509-9,546C50CA07F2,hiv00323.mp4,single_annotator,True
EVT-01161,2026-08-02 07_07_48,23509-9,objective_event,排尿,URINATION,urination,interval,两者,v3,971041.0,1123737.0,152696.0,546C50CA07F2-23509-9,546C50CA07F2,hiv00329.mp4,single_annotator,True
EVT-01162,2026-08-02 07_07_48,23509-9,body_state,行走,WALKING,walking,interval,两者,v3,1284903.0,1298963.0,14060.0,546C50CA07F2-23509-9,546C50CA07F2,hiv00329.mp4,single_annotator,True
EVT-01163,2026-08-02 07_07_48,23509-9,body_state,行走,WALKING,walking,interval,两者,v3,1304888.0,1316723.0,11835.0,546C50CA07F2-23509-9,546C50CA07F2,hiv00329.mp4,single_annotator,True
EVT-01164,2026-08-02 07_07_48,23509-9,objective_event,排尿,URINATION,urination,interval,两者,v3,1863958.0,1900189.0,36231.0,546C50CA07F2-23509-9,546C50CA07F2,hiv00329.mp4,single_annotator,True
EVT-01165,2026-08-02 07_07_48,23509-9,body_state,行走,WALKING,walking,interval,两者,v3,2469767.0,2546025.0,76258.0,546C50CA07F2-23509-9,546C50CA07F2,hiv00329.mp4,single_annotator,True
EVT-01166,2026-07-29 16_41_41,21100-10,posture_transition,起立过程,STANDING_UP,standing up,interval,两者,v3,1729999.0,1744931.0,14932.0,546C50CA090B-21100-10,546C50CA090B,hiv00003.mp4,single_annotator,True
EVT-01167,2026-07-29 16_41_41,21100-10,objective_event,排尿,URINATION,urination,interval,两者,v3,2430738.0,2457116.0,26378.0,546C50CA090B-21100-10,546C50CA090B,hiv00003.mp4,single_annotator,True
EVT-01168,2026-07-29 16_41_41,21100-10,tail_action,抬尾,TAIL_RAISED,tail raised,interval,两者,v3,2735414.0,2758177.0,22763.0,546C50CA090B-21100-10,546C50CA090B,hiv00003.mp4,single_annotator,True
EVT-01169,2026-07-29 16_41_41,21100-10,tail_action,抬尾,TAIL_RAISED,tail raised,interval,两者,v3,2860431.0,2888262.0,27831.0,546C50CA090B-21100-10,546C50CA090B,hiv00003.mp4,single_annotator,True
EVT-01170,2026-07-29 16_41_41,21100-10,tail_action,抬尾,TAIL_RAISED,tail raised,interval,两者,v3,3303584.0,3312259.0,8675.0,546C50CA090B-21100-10,546C50CA090B,hiv00003.mp4,single_annotator,True
EVT-01171,2026-07-29 17_47_36,21100-10,objective_event,排尿,URINATION,urination,interval,两者,v3,2993229.0,3015142.0,21913.0,546C50CA090B-21100-10,546C50CA090B,hiv00007.mp4,single_annotator,True
EVT-01172,2026-07-29 17_47_36,21100-10,posture_transition,卧倒过程,LYING_DOWN,lying down,interval,两者,v3,3162205.0,3167065.0,4860.0,546C50CA090B-21100-10,546C50CA090B,hiv00007.mp4,single_annotator,True
EVT-01173,2026-07-29 18_54_32,21100-10,posture_transition,起立过程,STANDING_UP,standing up,interval,两者,v3,3309042.0,3323491.0,14449.0,546C50CA090B-21100-10,546C50CA090B,hiv00010.mp4,single_annotator,True
EVT-01174,2026-07-29 20_00_47,21100-10,posture_transition,卧倒过程,LYING_DOWN,lying down,interval,两者,v3,685891.0,695231.0,9340.0,546C50CA090B-21100-10,546C50CA090B,hiv00014.mp4,single_annotator,True
EVT-01175,2026-07-29 20_00_47,21100-10,posture_transition,起立过程,STANDING_UP,standing up,interval,两者,v3,1173093.0,1185945.0,12852.0,546C50CA090B-21100-10,546C50CA090B,hiv00014.mp4,single_annotator,True
EVT-01176,2026-07-29 20_00_47,21100-10,body_state,行走,WALKING,walking,interval,两者,v3,1468891.0,1490091.0,21200.0,546C50CA090B-21100-10,546C50CA090B,hiv00014.mp4,single_annotator,True
EVT-01177,2026-07-29 20_00_47,21100-10,body_state,行走,WALKING,walking,interval,两者,v3,1736932.0,1741009.0,4077.0,546C50CA090B-21100-10,546C50CA090B,hiv00014.mp4,single_annotator,True
EVT-01178,2026-07-29 20_00_47,21100-10,body_state,行走,WALKING,walking,interval,两者,v3,1828326.0,1833386.0,5060.0,546C50CA090B-21100-10,546C50CA090B,hiv00014.mp4,single_annotator,True
EVT-01179,2026-07-29 20_00_47,21100-10,body_state,行走,WALKING,walking,interval,两者,v3,1900998.0,1911818.0,10820.0,546C50CA090B-21100-10,546C50CA090B,hiv00014.mp4,single_annotator,True
EVT-01180,2026-07-29 20_00_47,21100-10,tail_action,抬尾,TAIL_RAISED,tail raised,interval,两者,v3,2550433.0,2572813.0,22380.0,546C50CA090B-21100-10,546C50CA090B,hiv00014.mp4,single_annotator,True
EVT-01181,2026-07-30 03_37_23,21100-10,objective_event,排尿,URINATION,urination,interval,两者,v4,724038.0,753318.0,29280.0,546C50CA090B-21100-10,546C50CA090B,hiv00038.mp4,single_annotator,True
EVT-01182,2026-07-30 03_37_23,21100-10,body_state,行走,WALKING,walking,interval,两者,v4,2174123.0,2195143.0,21020.0,546C50CA090B-21100-10,546C50CA090B,hiv00038.mp4,single_annotator,True
EVT-01183,2026-07-30 03_37_23,21100-10,body_state,行走,WALKING,walking,interval,两者,v4,2391724.0,2418735.0,27011.0,546C50CA090B-21100-10,546C50CA090B,hiv00038.mp4,single_annotator,True
EVT-01184,2026-07-30 04_43_12,21100-10,body_state,行走,WALKING,walking,interval,两者,v4,51598.0,67282.0,15684.0,546C50CA090B-21100-10,546C50CA090B,hiv00041.mp4,single_annotator,True
EVT-01185,2026-07-30 04_43_12,21100-10,body_state,站立,STANDING,standing,interval,两者,v4,80622.0,426854.0,346232.0,546C50CA090B-21100-10,546C50CA090B,hiv00041.mp4,single_annotator,True
EVT-01186,2026-07-30 04_43_12,21100-10,body_state,行走,WALKING,walking,interval,两者,v4,431534.0,456854.0,25320.0,546C50CA090B-21100-10,546C50CA090B,hiv00041.mp4,single_annotator,True
EVT-01187,2026-07-30 04_43_12,21100-10,body_state,站立,STANDING,standing,interval,两者,v4,463692.0,681051.0,217359.0,546C50CA090B-21100-10,546C50CA090B,hiv00041.mp4,single_annotator,True
EVT-01188,2026-07-30 04_43_12,21100-10,objective_event,排尿,URINATION,urination,interval,两者,v4,2326713.0,2351884.0,25171.0,546C50CA090B-21100-10,546C50CA090B,hiv00041.mp4,single_annotator,True
EVT-01189,2026-07-30 06_54_46,21100-10,posture_transition,起立过程,STANDING_UP,standing up,interval,两者,v4,1948269.0,1958949.0,10680.0,546C50CA090B-21100-10,546C50CA090B,hiv00051.mp4,single_annotator,True
EVT-01190,2026-07-30 06_54_46,21100-10,objective_event,排尿,URINATION,urination,interval,两者,v4,2331723.0,2365739.0,34016.0,546C50CA090B-21100-10,546C50CA090B,hiv00051.mp4,single_annotator,True
EVT-01191,2026-07-30 06_54_46,21100-10,tail_action,抬尾,TAIL_RAISED,tail raised,interval,两者,v4,2419545.0,2440916.0,21371.0,546C50CA090B-21100-10,546C50CA090B,hiv00051.mp4,single_annotator,True
EVT-01192,2026-07-30 06_54_46,21100-10,body_state,站立,STANDING,standing,interval,两者,v4,3387859.0,3447922.0,60063.0,546C50CA090B-21100-10,546C50CA090B,hiv00051.mp4,single_annotator,True
EVT-01193,2026-07-30 06_54_46,21100-10,body_state,站立,STANDING,standing,interval,两者,v4,3518314.0,3599865.0,81551.0,546C50CA090B-21100-10,546C50CA090B,hiv00051.mp4,single_annotator,True
EVT-01194,2026-07-30 08_00_36,21100-10,body_state,行走,WALKING,walking,interval,两者,v4,702873.0,752685.0,49812.0,546C50CA090B-21100-10,546C50CA090B,hiv00055.mp4,single_annotator,True
EVT-01195,2026-07-30 08_00_36,21100-10,objective_event,排尿,URINATION,urination,interval,两者,v4,3089797.0,3113207.0,23410.0,546C50CA090B-21100-10,546C50CA090B,hiv00055.mp4,single_annotator,True
EVT-01196,2026-07-30 09_06_26,21100-10,objective_event,排便,DEFECATION,defecation,interval,两者,v4,1506248.0,1531888.0,25640.0,546C50CA090B-21100-10,546C50CA090B,hiv00060.mp4,single_annotator,True
EVT-01197,2026-07-30 09_06_26,21100-10,body_state,行走,WALKING,walking,interval,两者,v4,1534032.0,1553628.0,19596.0,546C50CA090B-21100-10,546C50CA090B,hiv00060.mp4,single_annotator,True
EVT-01198,2026-07-30 10_12_11,21100-10,posture_transition,起立过程,STANDING_UP,standing up,interval,两者,v4,3560340.0,3572090.0,11750.0,546C50CA090B-21100-10,546C50CA090B,hiv00066.mp4,single_annotator,True
EVT-01199,2026-07-29 16_41_57,23335-7,posture_transition,起立过程,STANDING_UP,standing up,interval,两者,v3,2045409.0,2052102.0,6693.0,546C50CA090F-23335-7,546C50CA090F,hiv00004.mp4,single_annotator,True
